ikan,lat,lon,skor,kedalaman,gelombang,geometry
Tongkol (Euthynus affinis),-7.75,106.25,0.18680539065304191,0.0,0.0,POINT (106.25 -7.75)
Tongkol (Euthynus affinis),-7.75,106.5,0.30046786717232715,0.0,0.0,POINT (106.5 -7.75)
Tongkol (Euthynus affinis),-7.75,106.75,0.4794983613738378,0.0,0.0,POINT (106.75 -7.75)
Tongkol (Euthynus affinis),-7.75,107.0,0.5087723926694506,0.0,0.0,POINT (107 -7.75)
Tongkol (Euthynus affinis),-7.75,107.25,0.5232634482225628,0.0,0.0,POINT (107.25 -7.75)
Tongkol (Euthynus affinis),-7.75,107.5,0.5712369534307324,0.0,0.0,POINT (107.5 -7.75)
Tongkol (Euthynus affinis),-7.75,107.75,0.7095393906281161,0.0,0.0,POINT (107.75 -7.75)
Tongkol (Euthynus affinis),-7.75,113.25,0.27436931910326645,0.0,0.0,POINT (113.25 -7.75)
Tongkol (Euthynus affinis),-7.75,113.5,0.39285054674910835,0.0,0.0,POINT (113.5 -7.75)
Tongkol (Euthynus affinis),-7.75,113.75,0.37652487013550817,0.0,0.0,POINT (113.75 -7.75)
Tongkol (Euthynus affinis),-7.5,106.25,0.2503439846505079,0.0,0.0,POINT (106.25 -7.5)
Tongkol (Euthynus affinis),-7.5,106.5,0.38756855094842413,0.0,0.0,POINT (106.5 -7.5)
Tongkol (Euthynus affinis),-7.5,106.75,0.4145546279162763,0.0,0.0,POINT (106.75 -7.5)
Tongkol (Euthynus affinis),-7.5,113.0,0.46634290116478316,0.0,0.0,POINT (113 -7.5)
Tongkol (Euthynus affinis),-7.5,113.25,0.520519238184769,0.0,0.0,POINT (113.25 -7.5)
Tongkol (Euthynus affinis),-7.5,113.5,0.4364193352939457,0.0,0.0,POINT (113.5 -7.5)
Tongkol (Euthynus affinis),-7.25,106.25,0.4520385293104049,0.0,0.0,POINT (106.25 -7.25)
Tongkol (Euthynus affinis),-7.25,113.5,0.41258814576343406,0.0,0.0,POINT (113.5 -7.25)
Tongkol (Euthynus affinis),-7.0,106.0,0.33312661735690824,0.0,0.0,POINT (106 -7)
Tongkol (Euthynus affinis),-6.75,111.75,0.30282200696398176,0.0,0.0,POINT (111.75 -6.75)
Tongkol (Euthynus affinis),-6.5,110.5,0.24843683148804158,0.0,0.0,POINT (110.5 -6.5)
Tongkol (Euthynus affinis),-6.0,106.5,0.48551095153062773,0.0,0.0,POINT (106.5 -6)
Tongkol (Euthynus affinis),-6.0,106.75,0.33995776540669415,0.0,0.0,POINT (106.75 -6)
Tongkol (Euthynus affinis),-5.75,113.5,0.3515409799256508,0.0,0.0,POINT (113.5 -5.75)
Tongkol (Euthynus affinis),-5.75,114.75,0.3074952963014661,0.0,0.0,POINT (114.75 -5.75)
Tongkol (Euthynus affinis),-5.75,115.0,0.3643289593160145,0.0,0.0,POINT (115 -5.75)
Tongkol (Euthynus affinis),-5.5,115.0,0.21979324851254223,0.0,0.0,POINT (115 -5.5)
Tongkol (Euthynus affinis),-5.25,115.0,0.3012165534215541,0.0,0.0,POINT (115 -5.25)
Tongkol (Euthynus affinis),-5.0,115.0,0.3059556944964984,0.0,0.0,POINT (115 -5)
Tongkol (Euthynus affinis),-4.0,106.0,0.36870154347119977,0.0,0.0,POINT (106 -4)
Tongkol (Euthynus affinis),-4.0,114.5,0.34548749110785987,0.0,0.0,POINT (114.5 -4)
Tongkol (Euthynus affinis),-3.75,106.0,0.32212065135217266,0.0,0.0,POINT (106 -3.75)
Tongkol (Euthynus affinis),-3.75,111.75,0.21152747846887188,0.0,0.0,POINT (111.75 -3.75)
Tongkol (Euthynus affinis),-3.75,112.0,0.2313211880166496,0.0,0.0,POINT (112 -3.75)
Tongkol (Euthynus affinis),-3.75,113.5,0.29565549384017414,0.0,0.0,POINT (113.5 -3.75)
Tongkol (Euthynus affinis),-3.75,113.75,0.4956716695506076,0.0,0.0,POINT (113.75 -3.75)
Tongkol (Euthynus affinis),-3.75,114.0,0.3790464667889242,0.0,0.0,POINT (114 -3.75)
Tongkol (Euthynus affinis),-3.75,114.25,0.39277943915651525,0.0,0.0,POINT (114.25 -3.75)
Tongkol (Euthynus affinis),-3.75,114.5,0.375562596239282,0.0,0.0,POINT (114.5 -3.75)
Tongkol (Euthynus affinis),-3.5,106.0,0.374422377547252,0.0,0.0,POINT (106 -3.5)
Tongkol (Euthynus affinis),-3.5,111.75,0.4257670261882286,0.0,0.0,POINT (111.75 -3.5)
Tongkol (Euthynus affinis),-3.5,112.0,0.4080181096435269,0.0,0.0,POINT (112 -3.5)
Tongkol (Euthynus affinis),-3.5,112.25,0.32301395117574344,0.0,0.0,POINT (112.25 -3.5)
Tongkol (Euthynus affinis),-3.5,112.5,0.42123918638852403,0.0,0.0,POINT (112.5 -3.5)
Tongkol (Euthynus affinis),-3.5,112.75,0.3306328812099176,0.0,0.0,POINT (112.75 -3.5)
Tongkol (Euthynus affinis),-3.5,113.0,0.328272430196361,0.0,0.0,POINT (113 -3.5)
Tongkol (Euthynus affinis),-3.5,113.25,0.3843266512220559,0.0,0.0,POINT (113.25 -3.5)
Tongkol (Euthynus affinis),-3.5,113.5,0.40189473140289195,0.0,0.0,POINT (113.5 -3.5)
Tongkol (Euthynus affinis),-3.5,113.75,0.48900064498248896,0.0,0.0,POINT (113.75 -3.5)
Tongkol (Euthynus affinis),-3.5,114.0,0.4680626368594544,0.0,0.0,POINT (114 -3.5)
Tongkol (Euthynus affinis),-3.5,114.25,0.4450777053736976,0.0,0.0,POINT (114.25 -3.5)
Tongkol (Euthynus affinis),-3.25,111.5,0.22908621279636,0.0,0.0,POINT (111.5 -3.25)
Tongkol (Euthynus affinis),-3.25,111.75,0.30375170863945855,0.0,0.0,POINT (111.75 -3.25)
Tongkol (Euthynus affinis),-3.25,113.0,0.3252210984972238,0.0,0.0,POINT (113 -3.25)
Tongkol (Euthynus affinis),-3.25,113.25,0.2293334652439884,0.0,0.0,POINT (113.25 -3.25)
Tongkol (Euthynus affinis),-3.25,113.5,0.34551008297240937,0.0,0.0,POINT (113.5 -3.25)
Tongkol (Euthynus affinis),-3.0,110.25,0.2489431559343339,0.0,0.0,POINT (110.25 -3)
Tongkol (Euthynus affinis),-3.0,110.5,0.37368356719769624,0.0,0.0,POINT (110.5 -3)
Tongkol (Euthynus affinis),-3.0,111.25,0.20759147594699956,0.0,0.0,POINT (111.25 -3)
Tongkol (Euthynus affinis),-3.0,111.5,0.29061839751738605,0.0,0.0,POINT (111.5 -3)
Tongkol (Euthynus affinis),-3.0,111.75,0.38324863911557805,0.0,0.0,POINT (111.75 -3)
Tongkol (Euthynus affinis),-2.75,106.75,0.32994804684532175,0.0,0.0,POINT (106.75 -2.75)
Tongkol (Euthynus affinis),-2.0,110.0,0.23745961944044902,0.0,0.0,POINT (110 -2)
Cakalang (Katsuwonus pelamis),-7.75,106.25,0.31827043206027905,0.0,0.0,POINT (106.25 -7.75)
Cakalang (Katsuwonus pelamis),-7.75,106.5,0.3395138041967969,0.0,0.0,POINT (106.5 -7.75)
Cakalang (Katsuwonus pelamis),-7.75,106.75,0.429765417378656,0.0,0.0,POINT (106.75 -7.75)
Cakalang (Katsuwonus pelamis),-7.75,107.0,0.4455794410976077,0.0,0.0,POINT (107 -7.75)
Cakalang (Katsuwonus pelamis),-7.75,107.25,0.5502584561557247,0.0,0.0,POINT (107.25 -7.75)
Cakalang (Katsuwonus pelamis),-7.75,107.5,0.706962962636086,0.0,0.0,POINT (107.5 -7.75)
Cakalang (Katsuwonus pelamis),-7.75,107.75,0.8093782388337758,0.0,0.0,POINT (107.75 -7.75)
Cakalang (Katsuwonus pelamis),-7.75,113.25,0.3914800970150145,0.0,0.0,POINT (113.25 -7.75)
Cakalang (Katsuwonus pelamis),-7.75,113.5,0.2921052184432317,0.0,0.0,POINT (113.5 -7.75)
Cakalang (Katsuwonus pelamis),-7.75,113.75,0.27405046552782586,0.0,0.0,POINT (113.75 -7.75)
Cakalang (Katsuwonus pelamis),-7.5,106.25,0.3272196355094499,0.0,0.0,POINT (106.25 -7.5)
Cakalang (Katsuwonus pelamis),-7.5,106.5,0.30322139563517303,0.0,0.0,POINT (106.5 -7.5)
Cakalang (Katsuwonus pelamis),-7.5,106.75,0.47252759685121104,0.0,0.0,POINT (106.75 -7.5)
Cakalang (Katsuwonus pelamis),-7.5,113.0,0.5533271268838316,0.0,0.0,POINT (113 -7.5)
Cakalang (Katsuwonus pelamis),-7.5,113.25,0.4202472029033021,0.0,0.0,POINT (113.25 -7.5)
Cakalang (Katsuwonus pelamis),-7.5,113.5,0.338577461464944,0.0,0.0,POINT (113.5 -7.5)
Cakalang (Katsuwonus pelamis),-7.25,106.25,0.23721310874349122,0.0,0.0,POINT (106.25 -7.25)
Cakalang (Katsuwonus pelamis),-7.25,113.5,0.4818937573687103,0.0,0.0,POINT (113.5 -7.25)
Cakalang (Katsuwonus pelamis),-7.0,106.0,0.29786908239966103,0.0,0.0,POINT (106 -7)
Cakalang (Katsuwonus pelamis),-6.75,111.75,0.2363815481393376,0.0,0.0,POINT (111.75 -6.75)
Cakalang (Katsuwonus pelamis),-6.5,110.5,0.25414535391447945,0.0,0.0,POINT (110.5 -6.5)
Cakalang (Katsuwonus pelamis),-6.0,106.5,0.5733475347510004,0.0,0.0,POINT (106.5 -6)
Cakalang (Katsuwonus pelamis),-6.0,106.75,0.4138206798217657,0.0,0.0,POINT (106.75 -6)
Cakalang (Katsuwonus pelamis),-5.75,113.5,0.3140651625299042,0.0,0.0,POINT (113.5 -5.75)
Cakalang (Katsuwonus pelamis),-5.75,114.75,0.225799808461045,0.0,0.0,POINT (114.75 -5.75)
Cakalang (Katsuwonus pelamis),-5.75,115.0,0.3474958370307252,0.0,0.0,POINT (115 -5.75)
Cakalang (Katsuwonus pelamis),-5.5,115.0,0.2560223143949898,0.0,0.0,POINT (115 -5.5)
Cakalang (Katsuwonus pelamis),-5.25,115.0,0.25017516029175646,0.0,0.0,POINT (115 -5.25)
Cakalang (Katsuwonus pelamis),-4.0,106.0,0.3980667188161506,0.0,0.0,POINT (106 -4)
Cakalang (Katsuwonus pelamis),-4.0,114.25,0.19345795149218864,0.0,0.0,POINT (114.25 -4)
Cakalang (Katsuwonus pelamis),-4.0,114.5,0.30984967447889356,0.0,0.0,POINT (114.5 -4)
Cakalang (Katsuwonus pelamis),-3.75,106.0,0.3248780811634642,0.0,0.0,POINT (106 -3.75)
Cakalang (Katsuwonus pelamis),-3.75,111.75,0.38810094195979944,0.0,0.0,POINT (111.75 -3.75)
Cakalang (Katsuwonus pelamis),-3.75,112.0,0.23967709315129615,0.0,0.0,POINT (112 -3.75)
Cakalang (Katsuwonus pelamis),-3.75,113.5,0.32205472958883163,0.0,0.0,POINT (113.5 -3.75)
Cakalang (Katsuwonus pelamis),-3.75,113.75,0.47705672162897617,0.0,0.0,POINT (113.75 -3.75)
Cakalang (Katsuwonus pelamis),-3.75,114.0,0.42461069093010095,0.0,0.0,POINT (114 -3.75)
Cakalang (Katsuwonus pelamis),-3.75,114.25,0.48468108583320385,0.0,0.0,POINT (114.25 -3.75)
Cakalang (Katsuwonus pelamis),-3.75,114.5,0.3562566723189815,0.0,0.0,POINT (114.5 -3.75)
Cakalang (Katsuwonus pelamis),-3.5,106.0,0.35416012705672795,0.0,0.0,POINT (106 -3.5)
Cakalang (Katsuwonus pelamis),-3.5,111.75,0.40643338436331433,0.0,0.0,POINT (111.75 -3.5)
Cakalang (Katsuwonus pelamis),-3.5,112.0,0.41474818139038133,0.0,0.0,POINT (112 -3.5)
Cakalang (Katsuwonus pelamis),-3.5,112.25,0.30335124782688594,0.0,0.0,POINT (112.25 -3.5)
Cakalang (Katsuwonus pelamis),-3.5,112.5,0.29316502350823304,0.0,0.0,POINT (112.5 -3.5)
Cakalang (Katsuwonus pelamis),-3.5,112.75,0.22161324070462662,0.0,0.0,POINT (112.75 -3.5)
Cakalang (Katsuwonus pelamis),-3.5,113.0,0.36187376069745847,0.0,0.0,POINT (113 -3.5)
Cakalang (Katsuwonus pelamis),-3.5,113.25,0.268886879251253,0.0,0.0,POINT (113.25 -3.5)
Cakalang (Katsuwonus pelamis),-3.5,113.5,0.45768165999897126,0.0,0.0,POINT (113.5 -3.5)
Cakalang (Katsuwonus pelamis),-3.5,113.75,0.593648349957261,0.0,0.0,POINT (113.75 -3.5)
Cakalang (Katsuwonus pelamis),-3.5,114.0,0.386918434008668,0.0,0.0,POINT (114 -3.5)
Cakalang (Katsuwonus pelamis),-3.5,114.25,0.36109963722513655,0.0,0.0,POINT (114.25 -3.5)
Cakalang (Katsuwonus pelamis),-3.25,111.5,0.2927060483732446,0.0,0.0,POINT (111.5 -3.25)
Cakalang (Katsuwonus pelamis),-3.25,111.75,0.3123761473722809,0.0,0.0,POINT (111.75 -3.25)
Cakalang (Katsuwonus pelamis),-3.25,113.0,0.38473219512636414,0.0,0.0,POINT (113 -3.25)
Cakalang (Katsuwonus pelamis),-3.25,113.25,0.2730891328323203,0.0,0.0,POINT (113.25 -3.25)
Cakalang (Katsuwonus pelamis),-3.25,113.5,0.26363592679167386,0.0,0.0,POINT (113.5 -3.25)
Cakalang (Katsuwonus pelamis),-3.0,110.25,0.34563160418583566,0.0,0.0,POINT (110.25 -3)
Cakalang (Katsuwonus pelamis),-3.0,110.5,0.3047052338585957,0.0,0.0,POINT (110.5 -3)
Cakalang (Katsuwonus pelamis),-3.0,111.25,0.3263142245224414,0.0,0.0,POINT (111.25 -3)
Cakalang (Katsuwonus pelamis),-3.0,111.5,0.39352978333939614,0.0,0.0,POINT (111.5 -3)
Cakalang (Katsuwonus pelamis),-3.0,111.75,0.20852264973510182,0.0,0.0,POINT (111.75 -3)
Cakalang (Katsuwonus pelamis),-2.75,106.75,0.38831798689427344,0.0,0.0,POINT (106.75 -2.75)
Cakalang (Katsuwonus pelamis),-2.0,110.0,0.26660551194418564,0.0,0.0,POINT (110 -2)
Tenggiri (Scomberomorus commersoni),-7.75,106.25,0.333074720958486,0.0,0.0,POINT (106.25 -7.75)
Tenggiri (Scomberomorus commersoni),-7.75,106.5,0.44394930533689486,0.0,0.0,POINT (106.5 -7.75)
Tenggiri (Scomberomorus commersoni),-7.75,106.75,0.4737117654919622,0.0,0.0,POINT (106.75 -7.75)
Tenggiri (Scomberomorus commersoni),-7.75,107.0,0.5819596230296963,0.0,0.0,POINT (107 -7.75)
Tenggiri (Scomberomorus commersoni),-7.75,107.25,0.5310505001089942,0.0,0.0,POINT (107.25 -7.75)
Tenggiri (Scomberomorus commersoni),-7.75,107.5,0.7824150503127738,0.0,0.0,POINT (107.5 -7.75)
Tenggiri (Scomberomorus commersoni),-7.75,107.75,0.8426183760911186,0.0,0.0,POINT (107.75 -7.75)
Tenggiri (Scomberomorus commersoni),-7.75,113.25,0.3834003453877496,0.0,0.0,POINT (113.25 -7.75)
Tenggiri (Scomberomorus commersoni),-7.75,113.5,0.34306984022607473,0.0,0.0,POINT (113.5 -7.75)
Tenggiri (Scomberomorus commersoni),-7.75,113.75,0.3166561934022472,0.0,0.0,POINT (113.75 -7.75)
Tenggiri (Scomberomorus commersoni),-7.5,106.25,0.37194572743830473,0.0,0.0,POINT (106.25 -7.5)
Tenggiri (Scomberomorus commersoni),-7.5,106.5,0.5046854599705094,0.0,0.0,POINT (106.5 -7.5)
Tenggiri (Scomberomorus commersoni),-7.5,106.75,0.5536239548940555,0.0,0.0,POINT (106.75 -7.5)
Tenggiri (Scomberomorus commersoni),-7.5,113.0,0.6190631644394645,0.0,0.0,POINT (113 -7.5)
Tenggiri (Scomberomorus commersoni),-7.5,113.25,0.47631419530448166,0.0,0.0,POINT (113.25 -7.5)
Tenggiri (Scomberomorus commersoni),-7.5,113.5,0.4521504386879951,0.0,0.0,POINT (113.5 -7.5)
Tenggiri (Scomberomorus commersoni),-7.25,106.25,0.4413976144173563,0.0,0.0,POINT (106.25 -7.25)
Tenggiri (Scomberomorus commersoni),-7.25,113.5,0.4517873558978147,0.0,0.0,POINT (113.5 -7.25)
Tenggiri (Scomberomorus commersoni),-7.0,105.75,0.3013967387450512,0.0,0.0,POINT (105.75 -7)
Tenggiri (Scomberomorus commersoni),-7.0,106.0,0.2904889572878365,0.0,0.0,POINT (106 -7)
Tenggiri (Scomberomorus commersoni),-6.75,111.75,0.4265681469804872,0.0,0.0,POINT (111.75 -6.75)
Tenggiri (Scomberomorus commersoni),-6.5,110.5,0.2581451726620688,0.0,0.0,POINT (110.5 -6.5)
Tenggiri (Scomberomorus commersoni),-6.0,106.5,0.6680735892570004,0.0,0.0,POINT (106.5 -6)
Tenggiri (Scomberomorus commersoni),-6.0,106.75,0.5693147084673322,0.0,0.0,POINT (106.75 -6)
Tenggiri (Scomberomorus commersoni),-5.75,113.5,0.344825981523588,0.0,0.0,POINT (113.5 -5.75)
Tenggiri (Scomberomorus commersoni),-5.75,114.75,0.2873221291286662,0.0,0.0,POINT (114.75 -5.75)
Tenggiri (Scomberomorus commersoni),-5.75,115.0,0.4119584939684209,0.0,0.0,POINT (115 -5.75)
Tenggiri (Scomberomorus commersoni),-5.5,113.0,0.3764691105344362,0.0,0.0,POINT (113 -5.5)
Tenggiri (Scomberomorus commersoni),-5.5,115.0,0.44257120574596354,0.0,0.0,POINT (115 -5.5)
Tenggiri (Scomberomorus commersoni),-5.25,115.0,0.40183884934069203,0.0,0.0,POINT (115 -5.25)
Tenggiri (Scomberomorus commersoni),-5.0,115.0,0.3882772085000913,0.0,0.0,POINT (115 -5)
Tenggiri (Scomberomorus commersoni),-4.0,106.0,0.43545826097168716,0.0,0.0,POINT (106 -4)
Tenggiri (Scomberomorus commersoni),-3.75,106.0,0.4310633302254431,0.0,0.0,POINT (106 -3.75)
Tenggiri (Scomberomorus commersoni),-3.75,111.75,0.3262923043884317,0.0,0.0,POINT (111.75 -3.75)
Tenggiri (Scomberomorus commersoni),-3.75,112.0,0.26152571259178103,0.0,0.0,POINT (112 -3.75)
Tenggiri (Scomberomorus commersoni),-3.75,113.5,0.39668506194788183,0.0,0.0,POINT (113.5 -3.75)
Tenggiri (Scomberomorus commersoni),-3.75,113.75,0.5013044176653605,0.0,0.0,POINT (113.75 -3.75)
Tenggiri (Scomberomorus commersoni),-3.75,114.0,0.531649677451759,0.0,0.0,POINT (114 -3.75)
Tenggiri (Scomberomorus commersoni),-3.75,114.25,0.41333873233688406,0.0,0.0,POINT (114.25 -3.75)
Tenggiri (Scomberomorus commersoni),-3.75,114.5,0.4606736436522217,0.0,0.0,POINT (114.5 -3.75)
Tenggiri (Scomberomorus commersoni),-3.5,106.0,0.4530750693703151,0.0,0.0,POINT (106 -3.5)
Tenggiri (Scomberomorus commersoni),-3.5,111.75,0.44322533507679684,0.0,0.0,POINT (111.75 -3.5)
Tenggiri (Scomberomorus commersoni),-3.5,112.0,0.5290501380236808,0.0,0.0,POINT (112 -3.5)
Tenggiri (Scomberomorus commersoni),-3.5,112.25,0.42858277656928245,0.0,0.0,POINT (112.25 -3.5)
Tenggiri (Scomberomorus commersoni),-3.5,112.5,0.30910744946615387,0.0,0.0,POINT (112.5 -3.5)
Tenggiri (Scomberomorus commersoni),-3.5,112.75,0.3163637904845835,0.0,0.0,POINT (112.75 -3.5)
Tenggiri (Scomberomorus commersoni),-3.5,113.0,0.44515572115947893,0.0,0.0,POINT (113 -3.5)
Tenggiri (Scomberomorus commersoni),-3.5,113.25,0.42949707633447776,0.0,0.0,POINT (113.25 -3.5)
Tenggiri (Scomberomorus commersoni),-3.5,113.5,0.4338742070339669,0.0,0.0,POINT (113.5 -3.5)
Tenggiri (Scomberomorus commersoni),-3.5,113.75,0.5724110955434213,0.0,0.0,POINT (113.75 -3.5)
Tenggiri (Scomberomorus commersoni),-3.5,114.0,0.46562135928578374,0.0,0.0,POINT (114 -3.5)
Tenggiri (Scomberomorus commersoni),-3.5,114.25,0.492179921061873,0.0,0.0,POINT (114.25 -3.5)
Tenggiri (Scomberomorus commersoni),-3.25,111.5,0.3561472350946973,0.0,0.0,POINT (111.5 -3.25)
Tenggiri (Scomberomorus commersoni),-3.25,111.75,0.4323244921701117,0.0,0.0,POINT (111.75 -3.25)
Tenggiri (Scomberomorus commersoni),-3.25,113.0,0.322844291054367,0.0,0.0,POINT (113 -3.25)
Tenggiri (Scomberomorus commersoni),-3.25,113.25,0.42851953291826955,0.0,0.0,POINT (113.25 -3.25)
Tenggiri (Scomberomorus commersoni),-3.25,113.5,0.520663043427081,0.0,0.0,POINT (113.5 -3.25)
Tenggiri (Scomberomorus commersoni),-3.0,110.5,0.34506669956067076,0.0,0.0,POINT (110.5 -3)
Tenggiri (Scomberomorus commersoni),-3.0,111.25,0.42862696691297897,0.0,0.0,POINT (111.25 -3)
Tenggiri (Scomberomorus commersoni),-3.0,111.5,0.32472516161952575,0.0,0.0,POINT (111.5 -3)
Tenggiri (Scomberomorus commersoni),-3.0,111.75,0.2867987944083705,0.0,0.0,POINT (111.75 -3)
Tenggiri (Scomberomorus commersoni),-2.75,106.75,0.262439858538908,0.0,0.0,POINT (106.75 -2.75)
Tenggiri (Scomberomorus commersoni),-2.0,110.0,0.3498994145435541,0.0,0.0,POINT (110 -2)
Teri (Stolephorus sp.),-7.75,106.25,0.3265186626383858,0.0,0.0,POINT (106.25 -7.75)
Teri (Stolephorus sp.),-7.75,106.5,0.299258289951603,0.0,0.0,POINT (106.5 -7.75)
Teri (Stolephorus sp.),-7.75,106.75,0.3940795148399908,0.0,0.0,POINT (106.75 -7.75)
Teri (Stolephorus sp.),-7.75,107.0,0.4366095715891075,0.0,0.0,POINT (107 -7.75)
Teri (Stolephorus sp.),-7.75,107.25,0.48820353645718,0.0,0.0,POINT (107.25 -7.75)
Teri (Stolephorus sp.),-7.75,107.5,0.5407124831095051,0.0,0.0,POINT (107.5 -7.75)
Teri (Stolephorus sp.),-7.75,107.75,0.6532374285738567,0.0,0.0,POINT (107.75 -7.75)
Teri (Stolephorus sp.),-7.75,113.25,0.22752925688015618,0.0,0.0,POINT (113.25 -7.75)
Teri (Stolephorus sp.),-7.75,113.5,0.35133220634810286,0.0,0.0,POINT (113.5 -7.75)
Teri (Stolephorus sp.),-7.75,113.75,0.3057112862004479,0.0,0.0,POINT (113.75 -7.75)
Teri (Stolephorus sp.),-7.5,106.25,0.32494818277509707,0.0,0.0,POINT (106.25 -7.5)
Teri (Stolephorus sp.),-7.5,106.5,0.3072292953621645,0.0,0.0,POINT (106.5 -7.5)
Teri (Stolephorus sp.),-7.5,106.75,0.33390239974505026,0.0,0.0,POINT (106.75 -7.5)
Teri (Stolephorus sp.),-7.5,113.0,0.499094474623792,0.0,0.0,POINT (113 -7.5)
Teri (Stolephorus sp.),-7.5,113.25,0.44111659838507594,0.0,0.0,POINT (113.25 -7.5)
Teri (Stolephorus sp.),-7.5,113.5,0.31060390247281455,0.0,0.0,POINT (113.5 -7.5)
Teri (Stolephorus sp.),-7.25,106.25,0.39040722040024717,0.0,0.0,POINT (106.25 -7.25)
Teri (Stolephorus sp.),-7.25,113.5,0.44052632748322007,0.0,0.0,POINT (113.5 -7.25)
Teri (Stolephorus sp.),-7.0,106.0,0.33942720062287,0.0,0.0,POINT (106 -7)
Teri (Stolephorus sp.),-6.75,111.75,0.34859875669001206,0.0,0.0,POINT (111.75 -6.75)
Teri (Stolephorus sp.),-6.5,110.5,0.34870452835127874,0.0,0.0,POINT (110.5 -6.5)
Teri (Stolephorus sp.),-6.0,106.5,0.48653457688319524,0.0,0.0,POINT (106.5 -6)
Teri (Stolephorus sp.),-6.0,106.75,0.2642411629738195,0.0,0.0,POINT (106.75 -6)
Teri (Stolephorus sp.),-5.75,113.5,0.20056891875682734,0.0,0.0,POINT (113.5 -5.75)
Teri (Stolephorus sp.),-5.75,114.75,0.20598861165908022,0.0,0.0,POINT (114.75 -5.75)
Teri (Stolephorus sp.),-5.75,115.0,0.2901690662845423,0.0,0.0,POINT (115 -5.75)
Teri (Stolephorus sp.),-5.5,115.0,0.19388509167275386,0.0,0.0,POINT (115 -5.5)
Teri (Stolephorus sp.),-5.25,115.0,0.26239719026082153,0.0,0.0,POINT (115 -5.25)
Teri (Stolephorus sp.),-5.0,115.0,0.32467328707348353,0.0,0.0,POINT (115 -5)
Teri (Stolephorus sp.),-4.0,106.0,0.40403722203753367,0.0,0.0,POINT (106 -4)
Teri (Stolephorus sp.),-4.0,114.5,0.33579179037861473,0.0,0.0,POINT (114.5 -4)
Teri (Stolephorus sp.),-3.75,106.0,0.3077754414894672,0.0,0.0,POINT (106 -3.75)
Teri (Stolephorus sp.),-3.75,111.75,0.34651372145998294,0.0,0.0,POINT (111.75 -3.75)
Teri (Stolephorus sp.),-3.75,112.0,0.3287922720146822,0.0,0.0,POINT (112 -3.75)
Teri (Stolephorus sp.),-3.75,113.5,0.2539835206736583,0.0,0.0,POINT (113.5 -3.75)
Teri (Stolephorus sp.),-3.75,113.75,0.3376323961888654,0.0,0.0,POINT (113.75 -3.75)
Teri (Stolephorus sp.),-3.75,114.0,0.43451828546553994,0.0,0.0,POINT (114 -3.75)
Teri (Stolephorus sp.),-3.75,114.25,0.4053582635404731,0.0,0.0,POINT (114.25 -3.75)
Teri (Stolephorus sp.),-3.75,114.5,0.5374176128822448,0.0,0.0,POINT (114.5 -3.75)
Teri (Stolephorus sp.),-3.5,106.0,0.26907014205789886,0.0,0.0,POINT (106 -3.5)
Teri (Stolephorus sp.),-3.5,111.75,0.21458328583748737,0.0,0.0,POINT (111.75 -3.5)
Teri (Stolephorus sp.),-3.5,112.0,0.2499375340432863,0.0,0.0,POINT (112 -3.5)
Teri (Stolephorus sp.),-3.5,112.25,0.32143577829144476,0.0,0.0,POINT (112.25 -3.5)
Teri (Stolephorus sp.),-3.5,112.5,0.3602968843497717,0.0,0.0,POINT (112.5 -3.5)
Teri (Stolephorus sp.),-3.5,112.75,0.19742265024171599,0.0,0.0,POINT (112.75 -3.5)
Teri (Stolephorus sp.),-3.5,113.0,0.28759205675286004,0.0,0.0,POINT (113 -3.5)
Teri (Stolephorus sp.),-3.5,113.25,0.3723670213424658,0.0,0.0,POINT (113.25 -3.5)
Teri (Stolephorus sp.),-3.5,113.5,0.3200358392148522,0.0,0.0,POINT (113.5 -3.5)
Teri (Stolephorus sp.),-3.5,113.75,0.5102429274601071,0.0,0.0,POINT (113.75 -3.5)
Teri (Stolephorus sp.),-3.5,114.0,0.2874246488125594,0.0,0.0,POINT (114 -3.5)
Teri (Stolephorus sp.),-3.5,114.25,0.3794225540880138,0.0,0.0,POINT (114.25 -3.5)
Teri (Stolephorus sp.),-3.25,111.5,0.28829782898340434,0.0,0.0,POINT (111.5 -3.25)
Teri (Stolephorus sp.),-3.25,111.75,0.33866356457044666,0.0,0.0,POINT (111.75 -3.25)
Teri (Stolephorus sp.),-3.25,113.0,0.26531722711743366,0.0,0.0,POINT (113 -3.25)
Teri (Stolephorus sp.),-3.25,113.25,0.2573139079453282,0.0,0.0,POINT (113.25 -3.25)
Teri (Stolephorus sp.),-3.25,113.5,0.29362047491154636,0.0,0.0,POINT (113.5 -3.25)
Teri (Stolephorus sp.),-3.0,110.25,0.1705080243234955,0.0,0.0,POINT (110.25 -3)
Teri (Stolephorus sp.),-3.0,110.5,0.31885908893544984,0.0,0.0,POINT (110.5 -3)
Teri (Stolephorus sp.),-3.0,111.25,0.22567828352800806,0.0,0.0,POINT (111.25 -3)
Teri (Stolephorus sp.),-3.0,111.5,0.34112915756946727,0.0,0.0,POINT (111.5 -3)
Teri (Stolephorus sp.),-3.0,111.75,0.2963701311719381,0.0,0.0,POINT (111.75 -3)
Teri (Stolephorus sp.),-2.75,106.75,0.21533401157384055,0.0,0.0,POINT (106.75 -2.75)
Teri (Stolephorus sp.),-2.0,110.0,0.35365091821825234,0.0,0.0,POINT (110 -2)
Shortfin scad (Decapterus sp.),-7.75,106.25,0.3001082660264223,0.0,0.0,POINT (106.25 -7.75)
Shortfin scad (Decapterus sp.),-7.75,106.5,0.3036578227492086,0.0,0.0,POINT (106.5 -7.75)
Shortfin scad (Decapterus sp.),-7.75,106.75,0.4064175804411262,0.0,0.0,POINT (106.75 -7.75)
Shortfin scad (Decapterus sp.),-7.75,107.0,0.44320952564973815,0.0,0.0,POINT (107 -7.75)
Shortfin scad (Decapterus sp.),-7.75,107.25,0.44323490450734376,0.0,0.0,POINT (107.25 -7.75)
Shortfin scad (Decapterus sp.),-7.75,107.5,0.705684422496215,0.0,0.0,POINT (107.5 -7.75)
Shortfin scad (Decapterus sp.),-7.75,107.75,0.8769340239792032,0.0,0.0,POINT (107.75 -7.75)
Shortfin scad (Decapterus sp.),-7.75,113.25,0.31735278546365725,0.0,0.0,POINT (113.25 -7.75)
Shortfin scad (Decapterus sp.),-7.75,113.5,0.23445869753518256,0.0,0.0,POINT (113.5 -7.75)
Shortfin scad (Decapterus sp.),-7.75,113.75,0.2218801129565019,0.0,0.0,POINT (113.75 -7.75)
Shortfin scad (Decapterus sp.),-7.5,106.25,0.37424718330442763,0.0,0.0,POINT (106.25 -7.5)
Shortfin scad (Decapterus sp.),-7.5,106.5,0.3028882627685309,0.0,0.0,POINT (106.5 -7.5)
Shortfin scad (Decapterus sp.),-7.5,106.75,0.4788645499800325,0.0,0.0,POINT (106.75 -7.5)
Shortfin scad (Decapterus sp.),-7.5,113.0,0.4628923389274009,0.0,0.0,POINT (113 -7.5)
Shortfin scad (Decapterus sp.),-7.5,113.25,0.32166816911872553,0.0,0.0,POINT (113.25 -7.5)
Shortfin scad (Decapterus sp.),-7.5,113.5,0.2846429985886802,0.0,0.0,POINT (113.5 -7.5)
Shortfin scad (Decapterus sp.),-7.25,106.25,0.28581588738255037,0.0,0.0,POINT (106.25 -7.25)
Shortfin scad (Decapterus sp.),-7.25,113.5,0.3987477614202074,0.0,0.0,POINT (113.5 -7.25)
Shortfin scad (Decapterus sp.),-7.0,106.0,0.3895943646861977,0.0,0.0,POINT (106 -7)
Shortfin scad (Decapterus sp.),-6.75,111.75,0.2840598092415558,0.0,0.0,POINT (111.75 -6.75)
Shortfin scad (Decapterus sp.),-6.5,110.5,0.24058540180922644,0.0,0.0,POINT (110.5 -6.5)
Shortfin scad (Decapterus sp.),-6.0,106.5,0.5172969496367313,0.0,0.0,POINT (106.5 -6)
Shortfin scad (Decapterus sp.),-6.0,106.75,0.31397217532054145,0.0,0.0,POINT (106.75 -6)
Shortfin scad (Decapterus sp.),-5.75,113.5,0.3905869621776231,0.0,0.0,POINT (113.5 -5.75)
Shortfin scad (Decapterus sp.),-5.75,114.75,0.27588182145225104,0.0,0.0,POINT (114.75 -5.75)
Shortfin scad (Decapterus sp.),-5.75,115.0,0.2538869580460692,0.0,0.0,POINT (115 -5.75)
Shortfin scad (Decapterus sp.),-5.5,115.0,0.23099658027852918,0.0,0.0,POINT (115 -5.5)
Shortfin scad (Decapterus sp.),-5.25,115.0,0.36338076643481654,0.0,0.0,POINT (115 -5.25)
Shortfin scad (Decapterus sp.),-5.0,115.0,0.3810784359176317,0.0,0.0,POINT (115 -5)
Shortfin scad (Decapterus sp.),-4.0,106.0,0.4736086630877015,0.0,0.0,POINT (106 -4)
Shortfin scad (Decapterus sp.),-4.0,114.5,0.20843266434308655,0.0,0.0,POINT (114.5 -4)
Shortfin scad (Decapterus sp.),-3.75,106.0,0.32596332982792037,0.0,0.0,POINT (106 -3.75)
Shortfin scad (Decapterus sp.),-3.75,111.75,0.3046568524795751,0.0,0.0,POINT (111.75 -3.75)
Shortfin scad (Decapterus sp.),-3.75,112.0,0.38486131586310734,0.0,0.0,POINT (112 -3.75)
Shortfin scad (Decapterus sp.),-3.75,113.5,0.27709857145793176,0.0,0.0,POINT (113.5 -3.75)
Shortfin scad (Decapterus sp.),-3.75,113.75,0.4376010491886956,0.0,0.0,POINT (113.75 -3.75)
Shortfin scad (Decapterus sp.),-3.75,114.0,0.52054270776512,0.0,0.0,POINT (114 -3.75)
Shortfin scad (Decapterus sp.),-3.75,114.25,0.33677155501371003,0.0,0.0,POINT (114.25 -3.75)
Shortfin scad (Decapterus sp.),-3.75,114.5,0.4401765550939138,0.0,0.0,POINT (114.5 -3.75)
Shortfin scad (Decapterus sp.),-3.5,106.0,0.3195162085969171,0.0,0.0,POINT (106 -3.5)
Shortfin scad (Decapterus sp.),-3.5,111.75,0.24503189893803912,0.0,0.0,POINT (111.75 -3.5)
Shortfin scad (Decapterus sp.),-3.5,112.0,0.341904320089192,0.0,0.0,POINT (112 -3.5)
Shortfin scad (Decapterus sp.),-3.5,112.25,0.3145787702573064,0.0,0.0,POINT (112.25 -3.5)
Shortfin scad (Decapterus sp.),-3.5,112.5,0.4315458937277741,0.0,0.0,POINT (112.5 -3.5)
Shortfin scad (Decapterus sp.),-3.5,112.75,0.24733998454997996,0.0,0.0,POINT (112.75 -3.5)
Shortfin scad (Decapterus sp.),-3.5,113.0,0.41009944386610664,0.0,0.0,POINT (113 -3.5)
Shortfin scad (Decapterus sp.),-3.5,113.25,0.29622063133660725,0.0,0.0,POINT (113.25 -3.5)
Shortfin scad (Decapterus sp.),-3.5,113.5,0.3968465246742108,0.0,0.0,POINT (113.5 -3.5)
Shortfin scad (Decapterus sp.),-3.5,113.75,0.601769105850458,0.0,0.0,POINT (113.75 -3.5)
Shortfin scad (Decapterus sp.),-3.5,114.0,0.48570656730209927,0.0,0.0,POINT (114 -3.5)
Shortfin scad (Decapterus sp.),-3.5,114.25,0.5243034437428951,0.0,0.0,POINT (114.25 -3.5)
Shortfin scad (Decapterus sp.),-3.25,111.5,0.28251850489961494,0.0,0.0,POINT (111.5 -3.25)
Shortfin scad (Decapterus sp.),-3.25,111.75,0.23451225074325593,0.0,0.0,POINT (111.75 -3.25)
Shortfin scad (Decapterus sp.),-3.25,113.0,0.37845437682867755,0.0,0.0,POINT (113 -3.25)
Shortfin scad (Decapterus sp.),-3.25,113.25,0.24489282188929984,0.0,0.0,POINT (113.25 -3.25)
Shortfin scad (Decapterus sp.),-3.25,113.5,0.35313976809056696,0.0,0.0,POINT (113.5 -3.25)
Shortfin scad (Decapterus sp.),-3.0,110.25,0.32607668055783584,0.0,0.0,POINT (110.25 -3)
Shortfin scad (Decapterus sp.),-3.0,110.5,0.2485605065283546,0.0,0.0,POINT (110.5 -3)
Shortfin scad (Decapterus sp.),-3.0,111.25,0.41842943715247705,0.0,0.0,POINT (111.25 -3)
Shortfin scad (Decapterus sp.),-3.0,111.5,0.2694456069749048,0.0,0.0,POINT (111.5 -3)
Shortfin scad (Decapterus sp.),-3.0,111.75,0.2605659625637362,0.0,0.0,POINT (111.75 -3)
Shortfin scad (Decapterus sp.),-2.75,106.75,0.3212547639031502,0.0,0.0,POINT (106.75 -2.75)
Shortfin scad (Decapterus sp.),-2.0,110.0,0.290857015670321,0.0,0.0,POINT (110 -2)
Spotted sardinella (Amblygaster sirm),-7.75,106.25,0.20283747879855218,0.0,0.0,POINT (106.25 -7.75)
Spotted sardinella (Amblygaster sirm),-7.75,106.5,0.2641283393175672,0.0,0.0,POINT (106.5 -7.75)
Spotted sardinella (Amblygaster sirm),-7.75,106.75,0.3578398191180253,0.0,0.0,POINT (106.75 -7.75)
Spotted sardinella (Amblygaster sirm),-7.75,107.0,0.4429913211000296,0.0,0.0,POINT (107 -7.75)
Spotted sardinella (Amblygaster sirm),-7.75,107.25,0.5266722075992103,0.0,0.0,POINT (107.25 -7.75)
Spotted sardinella (Amblygaster sirm),-7.75,107.5,0.6006417334268742,0.0,0.0,POINT (107.5 -7.75)
Spotted sardinella (Amblygaster sirm),-7.75,107.75,0.9322386053599965,0.0,0.0,POINT (107.75 -7.75)
Spotted sardinella (Amblygaster sirm),-7.75,113.25,0.32578047939841376,0.0,0.0,POINT (113.25 -7.75)
Spotted sardinella (Amblygaster sirm),-7.75,113.5,0.38862449492608864,0.0,0.0,POINT (113.5 -7.75)
Spotted sardinella (Amblygaster sirm),-7.75,113.75,0.23563666367841052,0.0,0.0,POINT (113.75 -7.75)
Spotted sardinella (Amblygaster sirm),-7.5,106.25,0.21034811392776132,0.0,0.0,POINT (106.25 -7.5)
Spotted sardinella (Amblygaster sirm),-7.5,106.5,0.23955577090794755,0.0,0.0,POINT (106.5 -7.5)
Spotted sardinella (Amblygaster sirm),-7.5,106.75,0.2942663445560217,0.0,0.0,POINT (106.75 -7.5)
Spotted sardinella (Amblygaster sirm),-7.5,113.0,0.3490904568012075,0.0,0.0,POINT (113 -7.5)
Spotted sardinella (Amblygaster sirm),-7.5,113.25,0.2996306738040885,0.0,0.0,POINT (113.25 -7.5)
Spotted sardinella (Amblygaster sirm),-7.5,113.5,0.38957436456325145,0.0,0.0,POINT (113.5 -7.5)
Spotted sardinella (Amblygaster sirm),-7.25,106.25,0.21794027117954684,0.0,0.0,POINT (106.25 -7.25)
Spotted sardinella (Amblygaster sirm),-7.25,113.5,0.3640575712773303,0.0,0.0,POINT (113.5 -7.25)
Spotted sardinella (Amblygaster sirm),-7.0,105.75,0.24664788235454133,0.0,0.0,POINT (105.75 -7)
Spotted sardinella (Amblygaster sirm),-7.0,106.0,0.38538357117194144,0.0,0.0,POINT (106 -7)
Spotted sardinella (Amblygaster sirm),-6.75,111.75,0.35881072005886794,0.0,0.0,POINT (111.75 -6.75)
Spotted sardinella (Amblygaster sirm),-6.5,110.5,0.34440228893645775,0.0,0.0,POINT (110.5 -6.5)
Spotted sardinella (Amblygaster sirm),-6.0,106.5,0.5535706640433374,0.0,0.0,POINT (106.5 -6)
Spotted sardinella (Amblygaster sirm),-6.0,106.75,0.32482325450623334,0.0,0.0,POINT (106.75 -6)
Spotted sardinella (Amblygaster sirm),-5.75,113.5,0.3234573727575743,0.0,0.0,POINT (113.5 -5.75)
Spotted sardinella (Amblygaster sirm),-5.75,114.75,0.23400161726329247,0.0,0.0,POINT (114.75 -5.75)
Spotted sardinella (Amblygaster sirm),-5.75,115.0,0.2239367566287982,0.0,0.0,POINT (115 -5.75)
Spotted sardinella (Amblygaster sirm),-5.5,113.0,0.33791973308064127,0.0,0.0,POINT (113 -5.5)
Spotted sardinella (Amblygaster sirm),-5.5,115.0,0.20282844185153046,0.0,0.0,POINT (115 -5.5)
Spotted sardinella (Amblygaster sirm),-5.25,115.0,0.18672414173282098,0.0,0.0,POINT (115 -5.25)
Spotted sardinella (Amblygaster sirm),-5.0,115.0,0.3375738863651768,0.0,0.0,POINT (115 -5)
Spotted sardinella (Amblygaster sirm),-4.0,106.0,0.31846172558228236,0.0,0.0,POINT (106 -4)
Spotted sardinella (Amblygaster sirm),-4.0,114.5,0.18010505407635152,0.0,0.0,POINT (114.5 -4)
Spotted sardinella (Amblygaster sirm),-3.75,106.0,0.3061129263108432,0.0,0.0,POINT (106 -3.75)
Spotted sardinella (Amblygaster sirm),-3.75,111.75,0.3477913602304843,0.0,0.0,POINT (111.75 -3.75)
Spotted sardinella (Amblygaster sirm),-3.75,112.0,0.25843022138920674,0.0,0.0,POINT (112 -3.75)
Spotted sardinella (Amblygaster sirm),-3.75,113.5,0.40086942649121876,0.0,0.0,POINT (113.5 -3.75)
Spotted sardinella (Amblygaster sirm),-3.75,113.75,0.39537600508412024,0.0,0.0,POINT (113.75 -3.75)
Spotted sardinella (Amblygaster sirm),-3.75,114.0,0.3314453471416339,0.0,0.0,POINT (114 -3.75)
Spotted sardinella (Amblygaster sirm),-3.75,114.25,0.4490538005364516,0.0,0.0,POINT (114.25 -3.75)
Spotted sardinella (Amblygaster sirm),-3.75,114.5,0.3960131511147082,0.0,0.0,POINT (114.5 -3.75)
Spotted sardinella (Amblygaster sirm),-3.5,106.0,0.22689589861342002,0.0,0.0,POINT (106 -3.5)
Spotted sardinella (Amblygaster sirm),-3.5,111.75,0.34335179043010755,0.0,0.0,POINT (111.75 -3.5)
Spotted sardinella (Amblygaster sirm),-3.5,112.0,0.33226301945727477,0.0,0.0,POINT (112 -3.5)
Spotted sardinella (Amblygaster sirm),-3.5,112.25,0.22928578711997866,0.0,0.0,POINT (112.25 -3.5)
Spotted sardinella (Amblygaster sirm),-3.5,112.5,0.2952736307465809,0.0,0.0,POINT (112.5 -3.5)
Spotted sardinella (Amblygaster sirm),-3.5,112.75,0.39571096486397883,0.0,0.0,POINT (112.75 -3.5)
Spotted sardinella (Amblygaster sirm),-3.5,113.0,0.2571612117449639,0.0,0.0,POINT (113 -3.5)
Spotted sardinella (Amblygaster sirm),-3.5,113.25,0.40740723131539325,0.0,0.0,POINT (113.25 -3.5)
Spotted sardinella (Amblygaster sirm),-3.5,113.5,0.45558129004736275,0.0,0.0,POINT (113.5 -3.5)
Spotted sardinella (Amblygaster sirm),-3.5,113.75,0.4690705736281893,0.0,0.0,POINT (113.75 -3.5)
Spotted sardinella (Amblygaster sirm),-3.5,114.0,0.435585417497799,0.0,0.0,POINT (114 -3.5)
Spotted sardinella (Amblygaster sirm),-3.5,114.25,0.3606702221858889,0.0,0.0,POINT (114.25 -3.5)
Spotted sardinella (Amblygaster sirm),-3.25,111.75,0.2950335829570434,0.0,0.0,POINT (111.75 -3.25)
Spotted sardinella (Amblygaster sirm),-3.25,113.0,0.3036079325721516,0.0,0.0,POINT (113 -3.25)
Spotted sardinella (Amblygaster sirm),-3.25,113.25,0.3880218538152561,0.0,0.0,POINT (113.25 -3.25)
Spotted sardinella (Amblygaster sirm),-3.25,113.5,0.4229863209140452,0.0,0.0,POINT (113.5 -3.25)
Spotted sardinella (Amblygaster sirm),-3.0,110.5,0.3734907351232353,0.0,0.0,POINT (110.5 -3)
Spotted sardinella (Amblygaster sirm),-3.0,111.25,0.34926823117098904,0.0,0.0,POINT (111.25 -3)
Spotted sardinella (Amblygaster sirm),-3.0,111.5,0.22698348142915975,0.0,0.0,POINT (111.5 -3)
Spotted sardinella (Amblygaster sirm),-3.0,111.75,0.27581939350266227,0.0,0.0,POINT (111.75 -3)
Spotted sardinella (Amblygaster sirm),-2.75,106.75,0.31100864806072637,0.0,0.0,POINT (106.75 -2.75)
Spotted sardinella (Amblygaster sirm),-2.0,110.0,0.34482567732966574,0.0,0.0,POINT (110 -2)
⚠ Zona Bahaya: Perairan Dangkal,-7.5,114.08333333333331,1.9778633776594918,8.393948833407734,0.3999999910593033,POINT (114.08333333333331 -7.5)
⚠ Zona Bahaya: Perairan Dangkal,-7.25,114.08333333333331,2.0644684432299685,8.926810139925067,0.4899999890476465,POINT (114.08333333333331 -7.25)
⚠ Zona Bahaya: Perairan Dangkal,-7.166666666666671,113.75,1.926018808566058,5.95487233759647,0.3799999915063381,POINT (113.75 -7.166666666666671)
⚠ Zona Bahaya: Perairan Dangkal,-7.166666666666671,113.83333333333331,2.054396377612023,6.405332411147214,0.3999999910593033,POINT (113.83333333333331 -7.166666666666671)
⚠ Zona Bahaya: Perairan Dangkal,-7.166666666666671,113.91666666666664,1.950012212153472,6.910726640008988,0.4199999906122684,POINT (113.91666666666663 -7.166666666666671)
⚠ Zona Bahaya: Perairan Dangkal,-7.166666666666671,114.0,1.99333127088053,4.999018035183951,0.4099999908357858,POINT (114 -7.166666666666671)
⚠ Zona Bahaya: Perairan Dangkal,-7.166666666666671,114.08333333333331,1.9459460223530798,5.866977689098775,0.4399999901652336,POINT (114.08333333333331 -7.166666666666671)
⚠ Zona Bahaya: Perairan Dangkal,-7.083333333333343,113.91666666666664,2.0417859327851793,4.999018035183951,0.3299999926239252,POINT (113.91666666666663 -7.083333333333343)
⚠ Zona Bahaya: Perairan Dangkal,-7.083333333333343,114.0,1.9967274597775801,4.999018035183951,0.3499999921768904,POINT (114 -7.083333333333343)
⚠ Zona Bahaya: Perairan Dangkal,-7.083333333333343,114.08333333333331,2.0000475124773764,5.257208565145959,0.3799999915063381,POINT (114.08333333333331 -7.083333333333343)
⚠ Zona Bahaya: Perairan Dangkal,-7.083333333333343,114.16666666666664,1.9751185343571285,6.789871498324658,0.3899999912828207,POINT (114.16666666666663 -7.083333333333343)
⚠ Zona Bahaya: Perairan Dangkal,-7.083333333333343,114.25,1.9741680315993808,9.43220436878687,0.3799999915063381,POINT (114.25 -7.083333333333343)
⚠ Zona Bahaya: Perairan Dangkal,-7.0,113.91666666666664,1.9818009725296124,4.999018035183951,0.0,POINT (113.91666666666663 -7)
⚠ Zona Bahaya: Perairan Dangkal,-7.0,114.0,1.9296452566103017,4.999018035183951,0.0,POINT (114 -7)
⚠ Zona Bahaya: Perairan Dangkal,-7.0,114.08333333333331,1.902815864053633,4.999018035183951,0.0,POINT (114.08333333333331 -7)
⚠ Zona Bahaya: Perairan Dangkal,-7.0,114.16666666666664,1.9434449503261124,5.4989188485146485,0.3799999915063381,POINT (114.16666666666663 -7)
⚠ Zona Bahaya: Perairan Dangkal,-6.916666666666671,112.66666666666664,2.0411750297012534,6.910726640008988,0.30999999307096,POINT (112.66666666666663 -6.916666666666671)
⚠ Zona Bahaya: Perairan Dangkal,-6.416666666666671,110.66666666666664,2.0388429368786625,9.250921656260346,0.2899999935179949,POINT (110.66666666666663 -6.416666666666671)
⚠ Zona Bahaya: Perairan Dangkal,-6.166666666666671,108.0,2.0968000471575965,6.998621288506712,0.2399999946355819,POINT (108 -6.166666666666671)
⚠ Zona Bahaya: Perairan Dangkal,-6.166666666666671,108.08333333333331,2.04020956379258,5.339609798112548,0.2499999944120645,POINT (108.08333333333331 -6.166666666666671)
⚠ Zona Bahaya: Perairan Dangkal,-6.166666666666671,108.16666666666664,1.910536580665463,5.004511450715057,0.2699999939650297,POINT (108.16666666666663 -6.166666666666671)
⚠ Zona Bahaya: Perairan Dangkal,-6.166666666666671,108.25,1.982752136220123,5.982339415252,0.3199999928474426,POINT (108.25 -6.166666666666671)
⚠ Zona Bahaya: Perairan Dangkal,-6.166666666666671,108.33333333333331,1.9176979752076038,9.256415071791452,0.3899999912828207,POINT (108.33333333333331 -6.166666666666671)
⚠ Zona Bahaya: Perairan Dangkal,-6.083333333333343,107.83333333333331,2.023475770044848,9.168520423293756,0.3299999926239252,POINT (107.83333333333331 -6.083333333333343)
⚠ Zona Bahaya: Perairan Dangkal,-6.083333333333343,108.08333333333331,1.923276345050322,8.25112002959898,0.3399999924004078,POINT (108.08333333333331 -6.083333333333343)
⚠ Zona Bahaya: Perairan Dangkal,-6.083333333333343,108.16666666666664,1.9781049374992534,7.9489821753881245,0.3599999919533729,POINT (108.16666666666663 -6.083333333333343)
⚠ Zona Bahaya: Perairan Dangkal,-5.916666666666671,107.0,1.966715630341787,6.751417589606916,0.2299999948590994,POINT (107 -5.916666666666671)
⚠ Zona Bahaya: Perairan Dangkal,-5.916666666666671,110.16666666666664,2.0786712051002247,9.871677611275372,0.4799999892711639,POINT (110.16666666666663 -5.916666666666671)
⚠ Zona Bahaya: Perairan Dangkal,-5.833333333333343,110.08333333333331,1.9663448432809654,7.366680129090838,0.4199999906122684,POINT (110.08333333333331 -5.833333333333343)
⚠ Zona Bahaya: Perairan Dangkal,-5.833333333333343,110.16666666666664,1.9956912300243257,6.042766986094165,0.4399999901652336,POINT (110.16666666666663 -5.833333333333343)
⚠ Zona Bahaya: Perairan Dangkal,-5.833333333333343,110.25,2.048560742713845,6.493227059644909,0.4599999897181988,POINT (110.25 -5.833333333333343)
⚠ Zona Bahaya: Perairan Dangkal,-5.833333333333343,110.33333333333331,1.9990601342832284,6.570134877080392,0.4799999892711639,POINT (110.33333333333331 -5.833333333333343)
⚠ Zona Bahaya: Perairan Dangkal,-5.833333333333343,110.41666666666664,1.9582617263351902,6.059247232687511,0.4999999888241291,POINT (110.41666666666663 -5.833333333333343)
⚠ Zona Bahaya: Perairan Dangkal,-5.833333333333343,110.5,1.9351474911274444,6.300957516056172,0.5299999881535769,POINT (110.5 -5.833333333333343)
⚠ Zona Bahaya: Perairan Dangkal,-5.75,110.08333333333331,2.028239461010443,6.795364913855764,0.4199999906122684,POINT (110.08333333333331 -5.75)
⚠ Zona Bahaya: Perairan Dangkal,-5.75,110.16666666666664,1.9367897536607324,5.575826665950132,0.4199999906122684,POINT (110.16666666666663 -5.75)
⚠ Zona Bahaya: Perairan Dangkal,-5.75,110.25,2.049941710138064,5.4989188485146485,0.429999990388751,POINT (110.25 -5.75)
⚠ Zona Bahaya: Perairan Dangkal,-5.75,110.33333333333331,1.981584409691643,5.345103213643654,0.4499999899417162,POINT (110.33333333333331 -5.75)
⚠ Zona Bahaya: Perairan Dangkal,-5.75,110.41666666666664,1.9998911636635777,4.999018035183951,0.4699999894946813,POINT (110.41666666666663 -5.75)
⚠ Zona Bahaya: Perairan Dangkal,-5.75,110.5,1.901669226141358,4.999018035183951,0.5099999886006117,POINT (110.5 -5.75)
⚠ Zona Bahaya: Perairan Dangkal,-5.75,112.66666666666664,2.0321881899035876,7.141450092315466,0.5899999868124723,POINT (112.66666666666663 -5.75)
⚠ Zona Bahaya: Perairan Dangkal,-5.666666666666671,106.5,1.9640668427850498,7.179904001033208,0.2999999932944774,POINT (106.5 -5.666666666666671)
⚠ Zona Bahaya: Perairan Dangkal,-5.666666666666671,110.08333333333331,1.915340356392335,8.366481755752204,0.4499999899417162,POINT (110.08333333333331 -5.666666666666671)
⚠ Zona Bahaya: Perairan Dangkal,-5.666666666666671,110.16666666666664,2.095130372572441,6.515200721769332,0.4499999899417162,POINT (110.16666666666663 -5.666666666666671)
⚠ Zona Bahaya: Perairan Dangkal,-5.666666666666671,110.25,1.964050661947696,5.877964520160987,0.4599999897181988,POINT (110.25 -5.666666666666671)
⚠ Zona Bahaya: Perairan Dangkal,-5.666666666666671,110.33333333333331,2.0680482121458947,6.257010191807325,0.4799999892711639,POINT (110.33333333333331 -5.666666666666671)
⚠ Zona Bahaya: Perairan Dangkal,-5.666666666666671,110.41666666666664,2.033813485363233,7.52598917949291,0.5099999886006117,POINT (110.41666666666663 -5.666666666666671)
⚠ Zona Bahaya: Perairan Dangkal,-5.666666666666671,110.5,2.0889101358257762,9.234441409667028,0.549999987706542,POINT (110.5 -5.666666666666671)
⚠ Zona Bahaya: Perairan Dangkal,-5.583333333333343,106.41666666666664,2.027999149547212,9.860690780213162,0.2799999937415123,POINT (106.41666666666663 -5.583333333333343)
⚠ Zona Bahaya: Perairan Dangkal,-5.583333333333343,106.5,2.042644357044592,4.999018035183951,0.2799999937415123,POINT (106.5 -5.583333333333343)
⚠ Zona Bahaya: Perairan Dangkal,-5.583333333333343,106.58333333333331,1.9928539455231795,7.218357909750949,0.3299999926239252,POINT (106.58333333333331 -5.583333333333343)
⚠ Zona Bahaya: Perairan Dangkal,-5.583333333333343,110.16666666666664,2.004414119621198,9.503618770691247,0.5199999883770943,POINT (110.16666666666663 -5.583333333333343)
⚠ Zona Bahaya: Perairan Dangkal,-5.583333333333343,110.25,1.926849864295748,8.833422075896266,0.5399999879300594,POINT (110.25 -5.583333333333343)
⚠ Zona Bahaya: Perairan Dangkal,-5.5,106.5,2.0143109612360175,4.999018035183951,0.2899999935179949,POINT (106.5 -5.5)
⚠ Zona Bahaya: Perairan Dangkal,-5.5,106.58333333333331,1.9125073088361912,5.224248071959323,0.3299999926239252,POINT (106.58333333333331 -5.5)
⚠ Zona Bahaya: Perairan Dangkal,-5.5,106.66666666666664,1.9613462620364523,9.998026168490838,0.3899999912828207,POINT (106.66666666666663 -5.5)
⚠ Zona Bahaya: Perairan Dangkal,-5.5,114.41666666666664,2.09999926559471,8.146745134507967,0.5799999870359898,POINT (114.41666666666663 -5.5)
⚠ Zona Bahaya: Perairan Dangkal,-5.5,114.5,2.09693907871641,5.180300747710476,0.5699999872595072,POINT (114.5 -5.5)
⚠ Zona Bahaya: Perairan Dangkal,-5.416666666666671,106.5,1.9586246994767031,6.833818822573505,0.3299999926239252,POINT (106.5 -5.416666666666671)
⚠ Zona Bahaya: Perairan Dangkal,-5.416666666666671,106.58333333333331,2.061943275476861,6.251516776276219,0.3599999919533729,POINT (106.58333333333331 -5.416666666666671)
⚠ Zona Bahaya: Perairan Dangkal,-5.416666666666671,114.41666666666664,1.9680903427867953,7.52598917949291,0.5799999870359898,POINT (114.41666666666663 -5.416666666666671)
⚠ Zona Bahaya: Perairan Dangkal,-5.416666666666671,114.5,2.045229095771165,6.625069032391451,0.5899999868124723,POINT (114.5 -5.416666666666671)
⚠ Zona Bahaya: Perairan Dangkal,-5.083333333333343,106.08333333333331,2.099563071925458,6.432799488802743,0.2699999939650297,POINT (106.08333333333331 -5.083333333333343)
⚠ Zona Bahaya: Perairan Dangkal,-5.0,106.0,2.0302365478316555,9.102599436920483,0.0,POINT (106 -5)
⚠ Zona Bahaya: Perairan Dangkal,-5.0,106.08333333333331,1.9460679737641415,8.701580103149695,0.2899999935179949,POINT (106.08333333333331 -5)
⚠ Zona Bahaya: Perairan Dangkal,-4.916666666666671,106.08333333333331,1.9407497916924414,8.838915491427372,0.3199999928474426,POINT (106.08333333333331 -4.916666666666671)
⚠ Zona Bahaya: Perairan Dangkal,-4.75,106.0,2.000546755674178,6.630562447922557,0.3499999921768904,POINT (106 -4.75)
⚠ Zona Bahaya: Perairan Dangkal,-4.666666666666671,105.91666666666664,2.0626555512664972,7.56444308821068,0.2799999937415123,POINT (105.91666666666663 -4.666666666666671)
⚠ Zona Bahaya: Perairan Dangkal,-4.666666666666671,106.0,1.9273995887652293,6.246023360745113,0.3499999921768904,POINT (106 -4.666666666666671)
⚠ Zona Bahaya: Perairan Dangkal,-4.666666666666671,106.08333333333331,1.9718738856371734,9.6189804968445,0.4099999908357858,POINT (106.08333333333331 -4.666666666666671)
⚠ Zona Bahaya: Perairan Dangkal,-4.583333333333343,105.91666666666664,2.079936740521724,4.999018035183951,0.2599999941885471,POINT (105.91666666666663 -4.583333333333343)
⚠ Zona Bahaya: Perairan Dangkal,-4.583333333333343,106.0,2.005578960625357,4.999018035183951,0.3299999926239252,POINT (106 -4.583333333333343)
⚠ Zona Bahaya: Perairan Dangkal,-4.583333333333343,106.08333333333331,1.9861450876614843,6.658029525578115,0.3799999915063381,POINT (106.08333333333331 -4.583333333333343)
⚠ Zona Bahaya: Perairan Dangkal,-4.583333333333343,106.16666666666664,2.028783151826721,8.877369400145113,0.4199999906122684,POINT (106.16666666666663 -4.583333333333343)
⚠ Zona Bahaya: Perairan Dangkal,-4.5,105.91666666666664,2.090208427628734,4.999018035183951,0.2599999941885471,POINT (105.91666666666663 -4.5)
⚠ Zona Bahaya: Perairan Dangkal,-4.5,106.0,2.0956623497084115,4.999018035183951,0.3399999924004078,POINT (106 -4.5)
⚠ Zona Bahaya: Perairan Dangkal,-4.5,106.08333333333331,2.015439245619844,5.262701980677065,0.3699999917298555,POINT (106.08333333333331 -4.5)
⚠ Zona Bahaya: Perairan Dangkal,-4.5,106.16666666666664,2.0263877824157133,9.27289531838477,0.429999990388751,POINT (106.16666666666663 -4.5)
⚠ Zona Bahaya: Perairan Dangkal,-4.416666666666671,105.91666666666664,1.9247283876153292,5.004511450715057,0.2699999939650297,POINT (105.91666666666663 -4.416666666666671)
⚠ Zona Bahaya: Perairan Dangkal,-4.416666666666671,106.0,1.9255866087263118,5.042965359432799,0.3599999919533729,POINT (106 -4.416666666666671)
⚠ Zona Bahaya: Perairan Dangkal,-4.416666666666671,106.08333333333331,2.0648423267487646,6.1086879724674645,0.3899999912828207,POINT (106.08333333333331 -4.416666666666671)
⚠ Zona Bahaya: Perairan Dangkal,-4.333333333333343,105.91666666666664,1.9198801113267299,8.306054184910039,0.3199999928474426,POINT (105.91666666666663 -4.333333333333343)
⚠ Zona Bahaya: Perairan Dangkal,-4.333333333333343,106.0,1.9327923642275482,5.795563287194398,0.3899999912828207,POINT (106 -4.333333333333343)
⚠ Zona Bahaya: Perairan Dangkal,-4.333333333333343,106.08333333333331,1.9806119771186128,7.98194266857476,0.4099999908357858,POINT (106.08333333333331 -4.333333333333343)
⚠ Zona Bahaya: Perairan Dangkal,-4.25,106.0,1.9922975939654617,6.191089205434054,0.3999999910593033,POINT (106 -4.25)
⚠ Zona Bahaya: Perairan Dangkal,-4.25,106.08333333333331,1.917446301481307,9.168520423293756,0.4199999906122684,POINT (106.08333333333331 -4.25)
⚠ Zona Bahaya: Perairan Dangkal,-4.166666666666671,106.0,2.0235637118634875,7.102996183597725,0.3899999912828207,POINT (106 -4.166666666666671)
⚠ Zona Bahaya: Perairan Dangkal,-4.083333333333343,105.83333333333331,2.093442669248331,7.212864494219843,0.2699999939650297,POINT (105.83333333333331 -4.083333333333343)
⚠ Zona Bahaya: Perairan Dangkal,-4.083333333333343,105.91666666666664,1.920326950336616,7.130463261253254,0.3199999928474426,POINT (105.91666666666663 -4.083333333333343)
⚠ Zona Bahaya: Perairan Dangkal,-4.083333333333343,106.0,1.977127474983321,9.602500250251154,0.3899999912828207,POINT (106 -4.083333333333343)
⚠ Zona Bahaya: Perairan Dangkal,-3.666666666666672,105.83333333333331,2.055078299814373,8.756514258460783,0.2699999939650297,POINT (105.83333333333331 -3.6666666666666714)
⚠ Zona Bahaya: Perairan Dangkal,-3.666666666666672,105.91666666666664,2.065475453551091,7.344706466966414,0.3299999926239252,POINT (105.91666666666663 -3.6666666666666714)
⚠ Zona Bahaya: Perairan Dangkal,-3.666666666666672,106.0,2.0129485490481813,8.965264048642808,0.3899999912828207,POINT (106 -3.6666666666666714)
⚠ Zona Bahaya: Perairan Dangkal,-3.583333333333343,106.0,1.9788506415265563,9.547566094940096,0.4099999908357858,POINT (106 -3.583333333333343)
⚠ Zona Bahaya: Perairan Dangkal,-3.583333333333343,111.91666666666664,2.0689544437654273,9.7123685608733,0.6899999845772982,POINT (111.91666666666663 -3.583333333333343)
⚠ Zona Bahaya: Perairan Dangkal,-3.583333333333343,112.0,1.909847737375668,9.294868980509191,0.7099999841302633,POINT (112 -3.583333333333343)
⚠ Zona Bahaya: Perairan Dangkal,-3.5,111.91666666666664,2.0206624788749648,5.405530784485819,0.0,POINT (111.91666666666663 -3.5)
⚠ Zona Bahaya: Perairan Dangkal,-3.5,112.0,1.9391116531308308,6.795364913855764,0.0,POINT (112 -3.5)
⚠ Zona Bahaya: Perairan Dangkal,-3.5,114.41666666666664,2.075071771270835,9.234441409667028,0.3799999915063381,POINT (114.41666666666663 -3.5)
⚠ Zona Bahaya: Perairan Dangkal,-3.5,114.5,1.9404736432911258,6.822831991511293,0.2799999937415123,POINT (114.5 -3.5)
⚠ Zona Bahaya: Perairan Dangkal,-3.5,114.58333333333331,1.9094838498557525,5.301155889394806,0.0,POINT (114.58333333333331 -3.5)
⚠ Zona Bahaya: Perairan Dangkal,-3.4166666666666714,108.0,2.023293403484069,9.294868980509191,0.4799999892711639,POINT (108 -3.4166666666666714)
⚠ Zona Bahaya: Perairan Dangkal,-3.4166666666666714,108.08333333333331,2.094312057840676,9.212467747542604,0.4999999888241291,POINT (108.08333333333331 -3.4166666666666714)
⚠ Zona Bahaya: Perairan Dangkal,-3.4166666666666714,113.58333333333331,2.0444466515461044,9.15204017670044,0.5899999868124723,POINT (113.58333333333331 -3.4166666666666714)
⚠ Zona Bahaya: Perairan Dangkal,-3.4166666666666714,113.66666666666664,2.086384116494287,6.8997398089467765,0.4899999890476465,POINT (113.66666666666663 -3.4166666666666714)
⚠ Zona Bahaya: Perairan Dangkal,-3.4166666666666714,113.91666666666664,1.9434801725925126,6.641549278984769,0.5399999879300594,POINT (113.91666666666663 -3.4166666666666714)
⚠ Zona Bahaya: Perairan Dangkal,-3.4166666666666714,114.0,1.950105771852897,6.2020760364962655,0.549999987706542,POINT (114 -3.4166666666666714)
⚠ Zona Bahaya: Perairan Dangkal,-3.4166666666666714,114.08333333333331,1.9478130731299341,8.816941829302948,0.5699999872595072,POINT (114.08333333333331 -3.4166666666666714)
⚠ Zona Bahaya: Perairan Dangkal,-3.4166666666666714,114.16666666666664,2.06496448640612,8.218159536412344,0.5099999886006117,POINT (114.16666666666663 -3.4166666666666714)
⚠ Zona Bahaya: Perairan Dangkal,-3.4166666666666714,114.25,1.9695164239030034,6.817338575980187,0.429999990388751,POINT (114.25 -3.4166666666666714)
⚠ Zona Bahaya: Perairan Dangkal,-3.4166666666666714,114.33333333333331,2.0315340728049502,5.916418428878728,0.3499999921768904,POINT (114.33333333333331 -3.4166666666666714)
⚠ Zona Bahaya: Perairan Dangkal,-3.4166666666666714,114.41666666666664,2.0164414869676754,5.707668638696674,0.2799999937415123,POINT (114.41666666666663 -3.4166666666666714)
⚠ Zona Bahaya: Perairan Dangkal,-3.4166666666666714,114.5,1.9426780576789273,5.301155889394806,0.2099999953061342,POINT (114.5 -3.4166666666666714)
⚠ Zona Bahaya: Perairan Dangkal,-3.333333333333343,107.83333333333331,1.979028000412585,9.014704788422762,0.3999999910593033,POINT (107.83333333333331 -3.333333333333343)
⚠ Zona Bahaya: Perairan Dangkal,-3.333333333333343,107.91666666666664,1.9453967626157644,6.877766146822353,0.3899999912828207,POINT (107.91666666666663 -3.333333333333343)
⚠ Zona Bahaya: Perairan Dangkal,-3.333333333333343,108.0,2.0898135925366823,5.932898675472046,0.3899999912828207,POINT (108 -3.333333333333343)
⚠ Zona Bahaya: Perairan Dangkal,-3.333333333333343,108.08333333333331,1.909811706293833,5.932898675472046,0.4099999908357858,POINT (108.08333333333331 -3.333333333333343)
⚠ Zona Bahaya: Perairan Dangkal,-3.333333333333343,108.16666666666664,2.0868060558933763,7.8226336181726595,0.4599999897181988,POINT (108.16666666666663 -3.333333333333343)
⚠ Zona Bahaya: Perairan Dangkal,-3.333333333333343,108.5,1.9153766074448317,8.575231545934258,0.5299999881535769,POINT (108.5 -3.333333333333343)
⚠ Zona Bahaya: Perairan Dangkal,-3.333333333333343,113.5,2.08694947152229,8.360988340221098,0.5699999872595072,POINT (113.5 -3.333333333333343)
⚠ Zona Bahaya: Perairan Dangkal,-3.25,106.91666666666664,1.954855137474575,9.98154592189752,0.3999999910593033,POINT (106.91666666666663 -3.25)
⚠ Zona Bahaya: Perairan Dangkal,-3.25,107.0,2.078623481967031,9.893651273399795,0.3999999910593033,POINT (107 -3.25)
⚠ Zona Bahaya: Perairan Dangkal,-3.25,107.08333333333331,1.914799727528934,9.388257044538022,0.3999999910593033,POINT (107.08333333333331 -3.25)
⚠ Zona Bahaya: Perairan Dangkal,-3.25,107.66666666666664,2.0828950368825376,8.613685454652,0.30999999307096,POINT (107.66666666666663 -3.25)
⚠ Zona Bahaya: Perairan Dangkal,-3.25,107.75,1.9774213408892705,6.493227059644909,0.30999999307096,POINT (107.75 -3.25)
⚠ Zona Bahaya: Perairan Dangkal,-3.25,107.83333333333331,2.0991329477011758,5.531879341701284,0.2999999932944774,POINT (107.83333333333331 -3.25)
⚠ Zona Bahaya: Perairan Dangkal,-3.25,107.91666666666664,1.9927859999053008,4.999018035183951,0.2899999935179949,POINT (107.91666666666663 -3.25)
⚠ Zona Bahaya: Perairan Dangkal,-3.25,108.0,1.936251146523663,4.999018035183951,0.2899999935179949,POINT (108 -3.25)
⚠ Zona Bahaya: Perairan Dangkal,-3.25,108.08333333333331,1.9514959644223275,4.999018035183951,0.3399999924004078,POINT (108.08333333333331 -3.25)
⚠ Zona Bahaya: Perairan Dangkal,-3.25,108.16666666666664,2.0777134345758452,6.048260401625271,0.3899999912828207,POINT (108.16666666666663 -3.25)
⚠ Zona Bahaya: Perairan Dangkal,-3.25,108.25,2.0101181746859678,9.492631939629035,0.4399999901652336,POINT (108.25 -3.25)
⚠ Zona Bahaya: Perairan Dangkal,-3.25,108.41666666666664,2.098015778577064,8.42690932659437,0.4699999894946813,POINT (108.41666666666663 -3.25)
⚠ Zona Bahaya: Perairan Dangkal,-3.25,108.5,2.040236136149392,5.383557122361395,0.4699999894946813,POINT (108.5 -3.25)
⚠ Zona Bahaya: Perairan Dangkal,-3.25,108.58333333333331,2.06212297814526,7.602896996928422,0.5299999881535769,POINT (108.58333333333331 -3.25)
⚠ Zona Bahaya: Perairan Dangkal,-3.25,113.41666666666664,2.0138151663240436,7.652337736708375,0.5399999879300594,POINT (113.41666666666663 -3.25)
⚠ Zona Bahaya: Perairan Dangkal,-3.25,113.5,1.9132478398242099,8.415922495532158,0.4799999892711639,POINT (113.5 -3.25)
⚠ Zona Bahaya: Perairan Dangkal,-3.1666666666666714,106.16666666666664,2.0064446407008325,8.729047180805253,0.3499999921768904,POINT (106.16666666666663 -3.1666666666666714)
⚠ Zona Bahaya: Perairan Dangkal,-3.1666666666666714,106.25,2.046486893002053,8.740034011867465,0.3699999917298555,POINT (106.25 -3.1666666666666714)
⚠ Zona Bahaya: Perairan Dangkal,-3.1666666666666714,106.75,2.0289988096582694,9.569539757064518,0.3399999924004078,POINT (106.75 -3.1666666666666714)
⚠ Zona Bahaya: Perairan Dangkal,-3.1666666666666714,106.83333333333331,2.0043830974052397,7.35019988249752,0.3399999924004078,POINT (106.83333333333331 -3.1666666666666714)
⚠ Zona Bahaya: Perairan Dangkal,-3.1666666666666714,106.91666666666664,2.056587462275381,6.998621288506712,0.3599999919533729,POINT (106.91666666666663 -3.1666666666666714)
⚠ Zona Bahaya: Perairan Dangkal,-3.1666666666666714,107.0,2.0565387899683905,6.998621288506712,0.3699999917298555,POINT (107 -3.1666666666666714)
⚠ Zona Bahaya: Perairan Dangkal,-3.1666666666666714,107.08333333333331,2.0604360121779335,7.465561608650745,0.3699999917298555,POINT (107.08333333333331 -3.1666666666666714)
⚠ Zona Bahaya: Perairan Dangkal,-3.1666666666666714,107.58333333333331,1.9599624908886062,6.388852164553896,0.2199999950826168,POINT (107.58333333333331 -3.1666666666666714)
⚠ Zona Bahaya: Perairan Dangkal,-3.1666666666666714,107.83333333333331,1.9177023795182124,4.999018035183951,0.1999999955296516,POINT (107.83333333333331 -3.1666666666666714)
⚠ Zona Bahaya: Perairan Dangkal,-3.1666666666666714,108.16666666666664,1.9634497299988978,5.438491277672455,0.3299999926239252,POINT (108.16666666666663 -3.1666666666666714)
⚠ Zona Bahaya: Perairan Dangkal,-3.1666666666666714,108.25,2.0038228872863453,6.80085832938687,0.3799999915063381,POINT (108.25 -3.1666666666666714)
⚠ Zona Bahaya: Perairan Dangkal,-3.1666666666666714,108.33333333333331,2.0303705126558484,7.322732804841991,0.4199999906122684,POINT (108.33333333333331 -3.1666666666666714)
⚠ Zona Bahaya: Perairan Dangkal,-3.1666666666666714,108.41666666666664,2.0861982202527036,5.89993818228541,0.429999990388751,POINT (108.41666666666663 -3.1666666666666714)
⚠ Zona Bahaya: Perairan Dangkal,-3.1666666666666714,108.5,1.9889073734889076,4.999018035183951,0.4399999901652336,POINT (108.5 -3.1666666666666714)
⚠ Zona Bahaya: Perairan Dangkal,-3.1666666666666714,108.58333333333331,2.083515891841648,5.636254236792297,0.4899999890476465,POINT (108.58333333333331 -3.1666666666666714)
⚠ Zona Bahaya: Perairan Dangkal,-3.1666666666666714,108.66666666666664,1.931872494129307,9.21796116307371,0.5699999872595072,POINT (108.66666666666663 -3.1666666666666714)
⚠ Zona Bahaya: Perairan Dangkal,-3.083333333333343,106.75,2.0824533124942564,5.383557122361395,0.2599999941885471,POINT (106.75 -3.083333333333343)
⚠ Zona Bahaya: Perairan Dangkal,-3.083333333333343,106.83333333333331,2.087140298622597,4.999018035183951,0.2799999937415123,POINT (106.83333333333331 -3.083333333333343)
⚠ Zona Bahaya: Perairan Dangkal,-3.083333333333343,106.91666666666664,1.9638368184461648,4.999018035183951,0.2999999932944774,POINT (106.91666666666663 -3.083333333333343)
⚠ Zona Bahaya: Perairan Dangkal,-3.083333333333343,107.0,1.9657350298044178,4.999018035183951,0.3299999926239252,POINT (107 -3.083333333333343)
⚠ Zona Bahaya: Perairan Dangkal,-3.083333333333343,107.08333333333331,2.0149929425236284,5.56483983488792,0.3399999924004078,POINT (107.08333333333331 -3.083333333333343)
⚠ Zona Bahaya: Perairan Dangkal,-3.083333333333343,107.5,2.0593426294575603,9.036678450547214,0.1999999955296516,POINT (107.5 -3.083333333333343)
⚠ Zona Bahaya: Perairan Dangkal,-3.083333333333343,108.25,1.9754023329861825,4.999018035183951,0.3299999926239252,POINT (108.25 -3.083333333333343)
⚠ Zona Bahaya: Perairan Dangkal,-3.083333333333343,108.33333333333331,1.926921427180925,4.999018035183951,0.3699999917298555,POINT (108.33333333333331 -3.083333333333343)
⚠ Zona Bahaya: Perairan Dangkal,-3.083333333333343,108.41666666666664,1.9120731145307883,4.999018035183951,0.4099999908357858,POINT (108.41666666666663 -3.083333333333343)
⚠ Zona Bahaya: Perairan Dangkal,-3.083333333333343,108.5,1.9106539261552662,4.999018035183951,0.429999990388751,POINT (108.5 -3.083333333333343)
⚠ Zona Bahaya: Perairan Dangkal,-3.083333333333343,108.58333333333331,2.0757431406988895,4.999018035183951,0.4699999894946813,POINT (108.58333333333331 -3.083333333333343)
⚠ Zona Bahaya: Perairan Dangkal,-3.083333333333343,108.66666666666664,1.9545677516983533,7.465561608650745,0.5399999879300594,POINT (108.66666666666663 -3.083333333333343)
⚠ Zona Bahaya: Perairan Dangkal,-3.0,106.75,2.093170583789822,4.999018035183951,0.2099999953061342,POINT (106.75 -3)
⚠ Zona Bahaya: Perairan Dangkal,-3.0,106.83333333333331,2.074207295706904,4.999018035183951,0.2299999948590994,POINT (106.83333333333331 -3)
⚠ Zona Bahaya: Perairan Dangkal,-3.0,106.91666666666664,2.0072858390785244,4.999018035183951,0.2599999941885471,POINT (106.91666666666663 -3)
⚠ Zona Bahaya: Perairan Dangkal,-3.0,107.0,1.98684964104151,4.999018035183951,0.2899999935179949,POINT (107 -3)
⚠ Zona Bahaya: Perairan Dangkal,-3.0,107.08333333333331,2.039786491501957,4.999018035183951,0.30999999307096,POINT (107.08333333333331 -3)
⚠ Zona Bahaya: Perairan Dangkal,-3.0,107.16666666666664,2.0821787173408155,4.999018035183951,0.30999999307096,POINT (107.16666666666663 -3)
⚠ Zona Bahaya: Perairan Dangkal,-3.0,107.5,2.008232210535874,7.130463261253254,0.1399999968707561,POINT (107.5 -3)
⚠ Zona Bahaya: Perairan Dangkal,-3.0,108.25,2.065958707482932,4.999018035183951,0.2999999932944774,POINT (108.25 -3)
⚠ Zona Bahaya: Perairan Dangkal,-3.0,108.33333333333331,1.9337935323401243,4.999018035183951,0.3499999921768904,POINT (108.33333333333331 -3)
⚠ Zona Bahaya: Perairan Dangkal,-3.0,108.41666666666664,1.9277009041797537,4.999018035183951,0.3999999910593033,POINT (108.41666666666663 -3)
⚠ Zona Bahaya: Perairan Dangkal,-3.0,108.5,1.9637331721786475,4.999018035183951,0.429999990388751,POINT (108.5 -3)
⚠ Zona Bahaya: Perairan Dangkal,-3.0,108.58333333333331,2.0640753542874504,4.999018035183951,0.4599999897181988,POINT (108.58333333333331 -3)
⚠ Zona Bahaya: Perairan Dangkal,-3.0,108.66666666666664,2.085481175118255,6.58661512367371,0.5299999881535769,POINT (108.66666666666663 -3)
⚠ Zona Bahaya: Perairan Dangkal,-3.0,108.75,2.073648795771769,8.877369400145113,0.5899999868124723,POINT (108.75 -3)
⚠ Zona Bahaya: Perairan Dangkal,-3.0,110.33333333333331,2.091875812045362,9.5530595104712,0.6499999854713678,POINT (110.33333333333331 -3)
⚠ Zona Bahaya: Perairan Dangkal,-3.0,111.0,2.005370632832748,9.091612605858272,0.0,POINT (111 -3)
⚠ Zona Bahaya: Perairan Dangkal,-3.0,111.08333333333331,1.9521589474772256,8.624672285714212,0.0,POINT (111.08333333333331 -3)
⚠ Zona Bahaya: Perairan Dangkal,-3.0,111.16666666666664,1.9315204622796736,6.806351744917976,0.0,POINT (111.16666666666663 -3)
⚠ Zona Bahaya: Perairan Dangkal,-3.0,113.08333333333331,1.9799289706199317,7.998422915168078,0.0,POINT (113.08333333333331 -3)
⚠ Zona Bahaya: Perairan Dangkal,-2.9166666666666714,106.75,1.9747524883967353,5.306649304925912,0.1599999964237213,POINT (106.75 -2.9166666666666714)
⚠ Zona Bahaya: Perairan Dangkal,-2.9166666666666714,106.83333333333331,1.9544160135248927,4.999018035183951,0.189999995753169,POINT (106.83333333333331 -2.9166666666666714)
⚠ Zona Bahaya: Perairan Dangkal,-2.9166666666666714,106.91666666666664,1.9875250698330427,4.999018035183951,0.2199999950826168,POINT (106.91666666666663 -2.9166666666666714)
⚠ Zona Bahaya: Perairan Dangkal,-2.9166666666666714,107.0,2.0482886298564327,4.999018035183951,0.2499999944120645,POINT (107 -2.9166666666666714)
⚠ Zona Bahaya: Perairan Dangkal,-2.9166666666666714,107.08333333333331,1.9336908798501384,4.999018035183951,0.2699999939650297,POINT (107.08333333333331 -2.9166666666666714)
⚠ Zona Bahaya: Perairan Dangkal,-2.9166666666666714,107.16666666666664,2.0803230631618903,8.146745134507967,0.2699999939650297,POINT (107.16666666666663 -2.9166666666666714)
⚠ Zona Bahaya: Perairan Dangkal,-2.9166666666666714,107.5,1.9401057599503124,6.004313077376423,0.1099999975413084,POINT (107.5 -2.9166666666666714)
⚠ Zona Bahaya: Perairan Dangkal,-2.9166666666666714,108.25,1.9793907334192393,4.999018035183951,0.2799999937415123,POINT (108.25 -2.9166666666666714)
⚠ Zona Bahaya: Perairan Dangkal,-2.9166666666666714,108.33333333333331,2.058828843783542,4.999018035183951,0.3399999924004078,POINT (108.33333333333331 -2.9166666666666714)
⚠ Zona Bahaya: Perairan Dangkal,-2.9166666666666714,108.41666666666664,2.0604241756964257,4.999018035183951,0.3999999910593033,POINT (108.41666666666663 -2.9166666666666714)
⚠ Zona Bahaya: Perairan Dangkal,-2.9166666666666714,108.5,1.9903571489973193,4.999018035183951,0.4199999906122684,POINT (108.5 -2.9166666666666714)
⚠ Zona Bahaya: Perairan Dangkal,-2.9166666666666714,108.58333333333331,2.007708969969323,4.999018035183951,0.4499999899417162,POINT (108.58333333333331 -2.9166666666666714)
⚠ Zona Bahaya: Perairan Dangkal,-2.9166666666666714,108.66666666666664,2.050494270228472,5.262701980677065,0.4999999888241291,POINT (108.66666666666663 -2.9166666666666714)
⚠ Zona Bahaya: Perairan Dangkal,-2.9166666666666714,108.75,1.9340994239862908,7.295265727186461,0.5599999874830246,POINT (108.75 -2.9166666666666714)
⚠ Zona Bahaya: Perairan Dangkal,-2.9166666666666714,110.16666666666664,1.9433347401148802,9.976052506366416,0.5299999881535769,POINT (110.16666666666663 -2.9166666666666714)
⚠ Zona Bahaya: Perairan Dangkal,-2.9166666666666714,110.25,2.0789579059103733,6.954673964257864,0.4799999892711639,POINT (110.25 -2.9166666666666714)
⚠ Zona Bahaya: Perairan Dangkal,-2.9166666666666714,110.33333333333331,1.9092102520421543,6.740430758544704,0.4999999888241291,POINT (110.33333333333331 -2.9166666666666714)
⚠ Zona Bahaya: Perairan Dangkal,-2.9166666666666714,111.75,1.9498665766317567,6.80085832938687,0.1699999962002039,POINT (111.75 -2.9166666666666714)
⚠ Zona Bahaya: Perairan Dangkal,-2.833333333333343,106.66666666666664,2.0121636432012915,5.910925013347622,0.1399999968707561,POINT (106.66666666666663 -2.833333333333343)
⚠ Zona Bahaya: Perairan Dangkal,-2.833333333333343,106.75,2.0087753501260006,5.185794163241582,0.1699999962002039,POINT (106.75 -2.833333333333343)
⚠ Zona Bahaya: Perairan Dangkal,-2.833333333333343,106.83333333333331,2.079828847371132,5.542866172763496,0.1999999955296516,POINT (106.83333333333331 -2.833333333333343)
⚠ Zona Bahaya: Perairan Dangkal,-2.833333333333343,106.91666666666664,1.999169543164274,6.4163192422094255,0.2299999948590994,POINT (106.91666666666663 -2.833333333333343)
⚠ Zona Bahaya: Perairan Dangkal,-2.833333333333343,107.0,1.914928262427993,5.3780637068302894,0.2399999946355819,POINT (107 -2.833333333333343)
⚠ Zona Bahaya: Perairan Dangkal,-2.833333333333343,107.08333333333331,1.97586898170413,5.960365753127576,0.2499999944120645,POINT (107.08333333333331 -2.833333333333343)
⚠ Zona Bahaya: Perairan Dangkal,-2.833333333333343,107.5,1.9603556003164946,6.037273570563059,0.0899999979883432,POINT (107.5 -2.833333333333343)
⚠ Zona Bahaya: Perairan Dangkal,-2.833333333333343,107.58333333333331,2.0758637563752425,5.169313916648235,0.0499999988824129,POINT (107.58333333333331 -2.833333333333343)
⚠ Zona Bahaya: Perairan Dangkal,-2.833333333333343,108.33333333333331,2.0745737914229347,6.333918009242808,0.3599999919533729,POINT (108.33333333333331 -2.833333333333343)
⚠ Zona Bahaya: Perairan Dangkal,-2.833333333333343,108.41666666666664,2.079266654495468,6.158128712247418,0.4099999908357858,POINT (108.41666666666663 -2.833333333333343)
⚠ Zona Bahaya: Perairan Dangkal,-2.833333333333343,108.5,1.9036708998799192,5.279182227270383,0.429999990388751,POINT (108.5 -2.833333333333343)
⚠ Zona Bahaya: Perairan Dangkal,-2.833333333333343,108.58333333333331,1.9987657432082593,5.042965359432799,0.4499999899417162,POINT (108.58333333333331 -2.833333333333343)
⚠ Zona Bahaya: Perairan Dangkal,-2.833333333333343,108.66666666666664,2.091014029010115,4.999018035183951,0.4899999890476465,POINT (108.66666666666663 -2.833333333333343)
⚠ Zona Bahaya: Perairan Dangkal,-2.833333333333343,108.75,1.9698726034753187,6.712963680889175,0.549999987706542,POINT (108.75 -2.833333333333343)
⚠ Zona Bahaya: Perairan Dangkal,-2.75,106.75,2.042023367578348,5.95487233759647,0.1999999955296516,POINT (106.75 -2.75)
⚠ Zona Bahaya: Perairan Dangkal,-2.75,106.83333333333331,2.022609096196059,6.372371917960578,0.2299999948590994,POINT (106.83333333333331 -2.75)
⚠ Zona Bahaya: Perairan Dangkal,-2.75,106.91666666666664,2.055264844440258,6.300957516056172,0.2399999946355819,POINT (106.91666666666663 -2.75)
⚠ Zona Bahaya: Perairan Dangkal,-2.75,107.0,1.9089683554367578,5.2846756428014885,0.2399999946355819,POINT (107 -2.75)
⚠ Zona Bahaya: Perairan Dangkal,-2.75,107.08333333333331,1.9880259119149744,9.09710602138938,0.2499999944120645,POINT (107.08333333333331 -2.75)
⚠ Zona Bahaya: Perairan Dangkal,-2.75,107.58333333333331,2.01216039837208,6.734937343013598,0.0599999986588954,POINT (107.58333333333331 -2.75)
⚠ Zona Bahaya: Perairan Dangkal,-2.75,108.33333333333331,2.0329550005871524,5.998819661845317,0.3599999919533729,POINT (108.33333333333331 -2.75)
⚠ Zona Bahaya: Perairan Dangkal,-2.75,108.41666666666664,1.948547138161093,5.866977689098775,0.4099999908357858,POINT (108.41666666666663 -2.75)
⚠ Zona Bahaya: Perairan Dangkal,-2.75,108.5,1.914390667336366,5.207767825366005,0.4199999906122684,POINT (108.5 -2.75)
⚠ Zona Bahaya: Perairan Dangkal,-2.75,108.58333333333331,2.0568480967456333,5.031978528370587,0.4499999899417162,POINT (108.58333333333331 -2.75)
⚠ Zona Bahaya: Perairan Dangkal,-2.75,108.66666666666664,2.068141956852113,4.999018035183951,0.4799999892711639,POINT (108.66666666666663 -2.75)
⚠ Zona Bahaya: Perairan Dangkal,-2.75,108.75,2.0957680847114766,6.38335874902279,0.5399999879300594,POINT (108.75 -2.75)
⚠ Zona Bahaya: Perairan Dangkal,-2.75,108.83333333333331,1.9727437296718053,9.855197364682056,0.6099999863654375,POINT (108.83333333333331 -2.75)
⚠ Zona Bahaya: Perairan Dangkal,-2.6666666666666714,106.75,2.0400449455395564,7.344706466966414,0.2199999950826168,POINT (106.75 -2.6666666666666714)
⚠ Zona Bahaya: Perairan Dangkal,-2.6666666666666714,106.83333333333331,2.0877673610467506,7.223851325282055,0.2499999944120645,POINT (106.83333333333331 -2.6666666666666714)
⚠ Zona Bahaya: Perairan Dangkal,-2.6666666666666714,106.91666666666664,2.044684185391132,5.520892510639072,0.2599999941885471,POINT (106.91666666666663 -2.6666666666666714)
⚠ Zona Bahaya: Perairan Dangkal,-2.6666666666666714,107.0,2.0141792611588327,4.999018035183951,0.2599999941885471,POINT (107 -2.6666666666666714)
⚠ Zona Bahaya: Perairan Dangkal,-2.6666666666666714,108.25,1.93923040315065,4.999018035183951,0.2799999937415123,POINT (108.25 -2.6666666666666714)
⚠ Zona Bahaya: Perairan Dangkal,-2.6666666666666714,108.33333333333331,1.9584905236135313,4.999018035183951,0.3499999921768904,POINT (108.33333333333331 -2.6666666666666714)
⚠ Zona Bahaya: Perairan Dangkal,-2.6666666666666714,108.41666666666664,1.9780427085808683,4.999018035183951,0.3999999910593033,POINT (108.41666666666663 -2.6666666666666714)
⚠ Zona Bahaya: Perairan Dangkal,-2.6666666666666714,108.5,1.9868341102865028,4.999018035183951,0.4199999906122684,POINT (108.5 -2.6666666666666714)
⚠ Zona Bahaya: Perairan Dangkal,-2.6666666666666714,108.58333333333331,1.9323768285234437,4.999018035183951,0.4399999901652336,POINT (108.58333333333331 -2.6666666666666714)
⚠ Zona Bahaya: Perairan Dangkal,-2.6666666666666714,108.66666666666664,2.0320020943536288,4.999018035183951,0.4799999892711639,POINT (108.66666666666663 -2.6666666666666714)
⚠ Zona Bahaya: Perairan Dangkal,-2.6666666666666714,108.75,2.0015357098013626,5.790069871663292,0.5299999881535769,POINT (108.75 -2.6666666666666714)
⚠ Zona Bahaya: Perairan Dangkal,-2.6666666666666714,108.83333333333331,2.0271527861896828,8.74552742739857,0.5999999865889549,POINT (108.83333333333331 -2.6666666666666714)
⚠ Zona Bahaya: Perairan Dangkal,-2.583333333333343,106.75,1.9100008090816678,7.921515097732595,0.2099999953061342,POINT (106.75 -2.583333333333343)
⚠ Zona Bahaya: Perairan Dangkal,-2.583333333333343,106.83333333333331,2.001637042423116,7.394147206746368,0.2499999944120645,POINT (106.83333333333331 -2.583333333333343)
⚠ Zona Bahaya: Perairan Dangkal,-2.583333333333343,106.91666666666664,2.091557163077539,5.520892510639072,0.2699999939650297,POINT (106.91666666666663 -2.583333333333343)
⚠ Zona Bahaya: Perairan Dangkal,-2.583333333333343,107.0,2.070840798005489,4.999018035183951,0.2799999937415123,POINT (107 -2.583333333333343)
⚠ Zona Bahaya: Perairan Dangkal,-2.583333333333343,108.16666666666664,1.9507005509883466,5.301155889394806,0.2499999944120645,POINT (108.16666666666663 -2.583333333333343)
⚠ Zona Bahaya: Perairan Dangkal,-2.583333333333343,108.25,2.090587419106662,5.268195396208171,0.30999999307096,POINT (108.25 -2.583333333333343)
⚠ Zona Bahaya: Perairan Dangkal,-2.583333333333343,108.33333333333331,2.0821438728218506,5.130860007930494,0.3599999919533729,POINT (108.33333333333331 -2.583333333333343)
⚠ Zona Bahaya: Perairan Dangkal,-2.583333333333343,108.41666666666664,2.089420340908946,4.999018035183951,0.3899999912828207,POINT (108.41666666666663 -2.583333333333343)
⚠ Zona Bahaya: Perairan Dangkal,-2.583333333333343,108.5,2.011957564532195,4.999018035183951,0.4099999908357858,POINT (108.5 -2.583333333333343)
⚠ Zona Bahaya: Perairan Dangkal,-2.583333333333343,108.58333333333331,2.0434994740628043,4.999018035183951,0.4399999901652336,POINT (108.58333333333331 -2.583333333333343)
⚠ Zona Bahaya: Perairan Dangkal,-2.583333333333343,108.66666666666664,2.0182356385312556,4.999018035183951,0.4699999894946813,POINT (108.66666666666663 -2.583333333333343)
⚠ Zona Bahaya: Perairan Dangkal,-2.583333333333343,108.75,1.9499603710250737,4.999018035183951,0.5099999886006117,POINT (108.75 -2.583333333333343)
⚠ Zona Bahaya: Perairan Dangkal,-2.583333333333343,108.83333333333331,1.9708461677577251,7.372173544621944,0.5699999872595072,POINT (108.83333333333331 -2.583333333333343)
⚠ Zona Bahaya: Perairan Dangkal,-2.5,106.75,2.0692434581053587,5.4989188485146485,0.189999995753169,POINT (106.75 -2.5)
⚠ Zona Bahaya: Perairan Dangkal,-2.5,106.83333333333331,2.023584497856194,5.394543953423607,0.2299999948590994,POINT (106.83333333333331 -2.5)
⚠ Zona Bahaya: Perairan Dangkal,-2.5,106.91666666666664,1.9795059999614433,4.999018035183951,0.2699999939650297,POINT (106.91666666666663 -2.5)
⚠ Zona Bahaya: Perairan Dangkal,-2.5,107.0,1.994207574867707,4.999018035183951,0.2999999932944774,POINT (107 -2.5)
⚠ Zona Bahaya: Perairan Dangkal,-2.5,107.08333333333331,2.0252279775789734,8.03687682388582,0.3199999928474426,POINT (107.08333333333331 -2.5)
⚠ Zona Bahaya: Perairan Dangkal,-2.5,108.16666666666664,1.9236838408627592,6.80085832938687,0.3199999928474426,POINT (108.16666666666663 -2.5)
⚠ Zona Bahaya: Perairan Dangkal,-2.5,108.25,1.9573290191430013,6.5976019547359215,0.3599999919533729,POINT (108.25 -2.5)
⚠ Zona Bahaya: Perairan Dangkal,-2.5,108.33333333333331,1.9331590234930598,5.801056702725504,0.3799999915063381,POINT (108.33333333333331 -2.5)
⚠ Zona Bahaya: Perairan Dangkal,-2.5,108.41666666666664,2.042470818851503,4.999018035183951,0.3999999910593033,POINT (108.41666666666663 -2.5)
⚠ Zona Bahaya: Perairan Dangkal,-2.5,108.5,1.9140520264044236,4.999018035183951,0.4099999908357858,POINT (108.5 -2.5)
⚠ Zona Bahaya: Perairan Dangkal,-2.5,108.58333333333331,1.9274649589898556,4.999018035183951,0.4399999901652336,POINT (108.58333333333331 -2.5)
⚠ Zona Bahaya: Perairan Dangkal,-2.5,108.66666666666664,1.9960166290268182,4.999018035183951,0.4599999897181988,POINT (108.66666666666663 -2.5)
⚠ Zona Bahaya: Perairan Dangkal,-2.5,108.75,1.9612969965070004,4.999018035183951,0.4999999888241291,POINT (108.75 -2.5)
⚠ Zona Bahaya: Perairan Dangkal,-2.5,108.83333333333331,1.9329639905149818,7.361186713559732,0.549999987706542,POINT (108.83333333333331 -2.5)
⚠ Zona Bahaya: Perairan Dangkal,-2.4166666666666714,106.66666666666664,1.949760983700755,5.042965359432799,0.2099999953061342,POINT (106.66666666666663 -2.4166666666666714)
⚠ Zona Bahaya: Perairan Dangkal,-2.4166666666666714,106.75,1.9462759566417687,5.08141926815054,0.2399999946355819,POINT (106.75 -2.4166666666666714)
⚠ Zona Bahaya: Perairan Dangkal,-2.4166666666666714,106.83333333333331,1.9924990248832042,5.515399095107966,0.2699999939650297,POINT (106.83333333333331 -2.4166666666666714)
⚠ Zona Bahaya: Perairan Dangkal,-2.4166666666666714,106.91666666666664,1.975663183488638,7.19089083209542,0.2999999932944774,POINT (106.91666666666663 -2.4166666666666714)
⚠ Zona Bahaya: Perairan Dangkal,-2.4166666666666714,108.41666666666664,2.0519998692111803,7.927008513263701,0.4199999906122684,POINT (108.41666666666663 -2.4166666666666714)
⚠ Zona Bahaya: Perairan Dangkal,-2.4166666666666714,108.5,2.077129919129005,4.999018035183951,0.4199999906122684,POINT (108.5 -2.4166666666666714)
⚠ Zona Bahaya: Perairan Dangkal,-2.4166666666666714,108.58333333333331,1.9676744865995708,5.279182227270383,0.4599999897181988,POINT (108.58333333333331 -2.4166666666666714)
⚠ Zona Bahaya: Perairan Dangkal,-2.4166666666666714,108.66666666666664,1.9725398819953912,6.322931178180596,0.4999999888241291,POINT (108.66666666666663 -2.4166666666666714)
⚠ Zona Bahaya: Perairan Dangkal,-2.4166666666666714,108.75,1.9059331191780298,8.240133198536768,0.549999987706542,POINT (108.75 -2.4166666666666714)
⚠ Zona Bahaya: Perairan Dangkal,-2.333333333333343,106.41666666666664,2.096433879793187,5.328622967050336,0.189999995753169,POINT (106.41666666666663 -2.333333333333343)
⚠ Zona Bahaya: Perairan Dangkal,-2.333333333333343,106.5,2.0085237437317622,4.999018035183951,0.2199999950826168,POINT (106.5 -2.333333333333343)
⚠ Zona Bahaya: Perairan Dangkal,-2.333333333333343,106.58333333333331,1.909675901834229,4.999018035183951,0.2299999948590994,POINT (106.58333333333331 -2.333333333333343)
⚠ Zona Bahaya: Perairan Dangkal,-2.333333333333343,106.66666666666664,2.0612878522637264,4.999018035183951,0.2499999944120645,POINT (106.66666666666663 -2.333333333333343)
⚠ Zona Bahaya: Perairan Dangkal,-2.333333333333343,106.75,2.001083270355813,5.1363534234616,0.2699999939650297,POINT (106.75 -2.333333333333343)
⚠ Zona Bahaya: Perairan Dangkal,-2.333333333333343,106.83333333333331,2.02382982670077,6.663522941109221,0.2899999935179949,POINT (106.83333333333331 -2.333333333333343)
⚠ Zona Bahaya: Perairan Dangkal,-2.25,106.33333333333331,1.9720229208847786,5.630760821261191,0.2099999953061342,POINT (106.33333333333331 -2.25)
⚠ Zona Bahaya: Perairan Dangkal,-2.25,106.41666666666664,2.0893647866071325,5.246221734083747,0.2399999946355819,POINT (106.41666666666663 -2.25)
⚠ Zona Bahaya: Perairan Dangkal,-2.25,106.5,1.9385053942456898,4.999018035183951,0.2499999944120645,POINT (106.5 -2.25)
⚠ Zona Bahaya: Perairan Dangkal,-2.25,106.58333333333331,1.9288680841149477,5.169313916648235,0.2599999941885471,POINT (106.58333333333331 -2.25)
⚠ Zona Bahaya: Perairan Dangkal,-2.25,106.66666666666664,2.0695472031421094,5.669214729978933,0.2799999937415123,POINT (106.66666666666663 -2.25)
⚠ Zona Bahaya: Perairan Dangkal,-2.25,106.75,2.008751938097975,6.608588785798133,0.2899999935179949,POINT (106.75 -2.25)
⚠ Zona Bahaya: Perairan Dangkal,-2.25,106.83333333333331,2.0226701369502225,8.992731126298338,0.30999999307096,POINT (106.83333333333331 -2.25)
⚠ Zona Bahaya: Perairan Dangkal,-2.1666666666666714,105.75,2.045222278423225,9.355296551351389,0.0299999993294477,POINT (105.75 -2.1666666666666714)
⚠ Zona Bahaya: Perairan Dangkal,-2.1666666666666714,106.33333333333331,2.043641722836612,5.042965359432799,0.2399999946355819,POINT (106.33333333333331 -2.1666666666666714)
⚠ Zona Bahaya: Perairan Dangkal,-2.1666666666666714,106.41666666666664,1.9563910350988774,5.213261240897111,0.2699999939650297,POINT (106.41666666666663 -2.1666666666666714)
⚠ Zona Bahaya: Perairan Dangkal,-2.1666666666666714,106.5,1.9625299555080147,5.608787159136767,0.2799999937415123,POINT (106.5 -2.1666666666666714)
⚠ Zona Bahaya: Perairan Dangkal,-2.1666666666666714,106.58333333333331,2.002407600952494,6.38335874902279,0.2899999935179949,POINT (106.58333333333331 -2.1666666666666714)
⚠ Zona Bahaya: Perairan Dangkal,-2.1666666666666714,106.66666666666664,2.0076496608856536,7.701778476488329,0.30999999307096,POINT (106.66666666666663 -2.1666666666666714)
⚠ Zona Bahaya: Perairan Dangkal,-2.1666666666666714,106.75,1.9578366251984853,9.651940990031136,0.3199999928474426,POINT (106.75 -2.1666666666666714)
⚠ Zona Bahaya: Perairan Dangkal,-2.083333333333343,106.25,1.9465123145197039,5.147340254523812,0.2299999948590994,POINT (106.25 -2.083333333333343)
⚠ Zona Bahaya: Perairan Dangkal,-2.083333333333343,106.33333333333331,1.9336701054236811,5.202274409834899,0.2699999939650297,POINT (106.33333333333331 -2.083333333333343)
⚠ Zona Bahaya: Perairan Dangkal,-2.083333333333343,106.41666666666664,1.9305335985943812,5.8944447667543045,0.2999999932944774,POINT (106.41666666666663 -2.083333333333343)
⚠ Zona Bahaya: Perairan Dangkal,-2.083333333333343,106.5,1.9797449848485102,7.322732804841991,0.30999999307096,POINT (106.5 -2.083333333333343)
⚠ Zona Bahaya: Perairan Dangkal,-2.083333333333343,106.58333333333331,2.0386972970911215,9.09710602138938,0.3199999928474426,POINT (106.58333333333331 -2.083333333333343)
⚠ Zona Bahaya: Perairan Dangkal,-2.0,106.25,1.9687746600669087,5.883457935692093,0.2599999941885471,POINT (106.25 -2)
⚠ Zona Bahaya: Perairan Dangkal,-2.0,106.33333333333331,2.0120173318217525,5.542866172763496,0.2899999935179949,POINT (106.33333333333331 -2)
⚠ Zona Bahaya: Perairan Dangkal,-2.0,106.41666666666664,2.06397142842486,7.16342375443989,0.3199999928474426,POINT (106.41666666666663 -2)
⚠ Zona Bahaya: Perairan Dangkal,-2.0,106.5,1.9992451121478112,9.82223687149542,0.3399999924004078,POINT (106.5 -2)
⚠ Zona Bahaya: Perairan Dangkal,-1.9166666666666716,106.25,2.0068289038535214,9.805756624902102,0.3199999928474426,POINT (106.25 -1.9166666666666714)
⚠ Zona Bahaya: Perairan Dangkal,-1.9166666666666716,106.33333333333331,1.9078915973688635,9.421217537724658,0.3399999924004078,POINT (106.33333333333331 -1.9166666666666714)
⚠ Zona Bahaya: Perairan Dangkal,-1.8333333333333428,106.25,1.9714785925466165,7.679804814363905,0.3199999928474426,POINT (106.25 -1.8333333333333428)
⚠ Zona Bahaya: Perairan Dangkal,-1.8333333333333428,106.33333333333331,1.9869211624391014,9.613487081313394,0.3599999919533729,POINT (106.33333333333331 -1.8333333333333428)
⚠ Zona Bahaya: Perairan Dangkal,-1.8333333333333428,109.91666666666664,2.092558851934071,7.130463261253254,0.3999999910593033,POINT (109.91666666666663 -1.8333333333333428)
⚠ Zona Bahaya: Perairan Dangkal,-1.8333333333333428,110.0,2.0716558129175415,6.311944347118384,0.30999999307096,POINT (110 -1.8333333333333428)
⚠ Zona Bahaya: Perairan Dangkal,-1.75,106.25,1.972172632308563,6.828325407042399,0.3299999926239252,POINT (106.25 -1.75)
⚠ Zona Bahaya: Perairan Dangkal,-1.75,109.83333333333331,2.0829739103489517,9.987039337428628,0.4699999894946813,POINT (109.83333333333331 -1.75)
⚠ Zona Bahaya: Perairan Dangkal,-1.75,109.91666666666664,1.9439198652450216,6.751417589606916,0.3499999921768904,POINT (109.91666666666663 -1.75)
⚠ Zona Bahaya: Perairan Dangkal,-1.75,110.0,2.0477900313728274,6.498720475176015,0.2699999939650297,POINT (110 -1.75)
