ikan,lat,lon,skor,kedalaman,gelombang,geometry
Tongkol (Euthynus affinis),-7.75,106.25,0.28592509031295776,0.0,0.0,POINT (106.25 -7.75)
Tongkol (Euthynus affinis),-7.75,106.5,0.3497488498687744,0.0,0.0,POINT (106.5 -7.75)
Tongkol (Euthynus affinis),-7.75,106.75,0.3963181972503662,0.0,0.0,POINT (106.75 -7.75)
Tongkol (Euthynus affinis),-7.75,107.0,0.43416476249694824,0.0,0.0,POINT (107 -7.75)
Tongkol (Euthynus affinis),-7.75,107.25,0.5015097856521606,0.0,0.0,POINT (107.25 -7.75)
Tongkol (Euthynus affinis),-7.75,107.5,0.5670624375343323,0.0,0.0,POINT (107.5 -7.75)
Tongkol (Euthynus affinis),-7.75,107.75,0.6269328594207764,0.0,0.0,POINT (107.75 -7.75)
Tongkol (Euthynus affinis),-7.75,113.25,0.36776843667030334,0.0,0.0,POINT (113.25 -7.75)
Tongkol (Euthynus affinis),-7.75,113.5,0.3476030230522156,0.0,0.0,POINT (113.5 -7.75)
Tongkol (Euthynus affinis),-7.75,113.75,0.2966379225254059,0.0,0.0,POINT (113.75 -7.75)
Tongkol (Euthynus affinis),-7.5,106.25,0.3285374045372009,0.0,0.0,POINT (106.25 -7.5)
Tongkol (Euthynus affinis),-7.5,106.5,0.38188400864601135,0.0,0.0,POINT (106.5 -7.5)
Tongkol (Euthynus affinis),-7.5,106.75,0.42218953371047974,0.0,0.0,POINT (106.75 -7.5)
Tongkol (Euthynus affinis),-7.5,113.0,0.483418345451355,0.0,0.0,POINT (113 -7.5)
Tongkol (Euthynus affinis),-7.5,113.25,0.4299689531326294,0.0,0.0,POINT (113.25 -7.5)
Tongkol (Euthynus affinis),-7.5,113.5,0.3815125524997711,0.0,0.0,POINT (113.5 -7.5)
Tongkol (Euthynus affinis),-7.25,106.25,0.35955750942230225,0.0,0.0,POINT (106.25 -7.25)
Tongkol (Euthynus affinis),-7.25,113.5,0.43261343240737915,0.0,0.0,POINT (113.5 -7.25)
Tongkol (Euthynus affinis),-7.0,106.0,0.34037768840789795,0.0,0.0,POINT (106 -7)
Tongkol (Euthynus affinis),-6.75,111.75,0.2848638892173767,0.0,0.0,POINT (111.75 -6.75)
Tongkol (Euthynus affinis),-6.5,110.5,0.2909657061100006,0.0,0.0,POINT (110.5 -6.5)
Tongkol (Euthynus affinis),-6.0,106.5,0.5299767851829529,0.0,0.0,POINT (106.5 -6)
Tongkol (Euthynus affinis),-6.0,106.75,0.4288351535797119,0.0,0.0,POINT (106.75 -6)
Tongkol (Euthynus affinis),-5.75,113.5,0.28516697883605957,0.0,0.0,POINT (113.5 -5.75)
Tongkol (Euthynus affinis),-5.75,114.75,0.28619471192359924,0.0,0.0,POINT (114.75 -5.75)
Tongkol (Euthynus affinis),-5.75,115.0,0.29014113545417786,0.0,0.0,POINT (115 -5.75)
Tongkol (Euthynus affinis),-5.5,115.0,0.2914395034313202,0.0,0.0,POINT (115 -5.5)
Tongkol (Euthynus affinis),-5.25,115.0,0.2889334559440613,0.0,0.0,POINT (115 -5.25)
Tongkol (Euthynus affinis),-5.0,115.0,0.2848259210586548,0.0,0.0,POINT (115 -5)
Tongkol (Euthynus affinis),-4.0,106.0,0.4470372796058655,0.0,0.0,POINT (106 -4)
Tongkol (Euthynus affinis),-4.0,114.5,0.28490081429481506,0.0,0.0,POINT (114.5 -4)
Tongkol (Euthynus affinis),-3.75,106.0,0.39986321330070496,0.0,0.0,POINT (106 -3.75)
Tongkol (Euthynus affinis),-3.75,111.75,0.2875309884548187,0.0,0.0,POINT (111.75 -3.75)
Tongkol (Euthynus affinis),-3.75,112.0,0.2946415841579437,0.0,0.0,POINT (112 -3.75)
Tongkol (Euthynus affinis),-3.75,113.5,0.35429757833480835,0.0,0.0,POINT (113.5 -3.75)
Tongkol (Euthynus affinis),-3.75,113.75,0.4177440404891968,0.0,0.0,POINT (113.75 -3.75)
Tongkol (Euthynus affinis),-3.75,114.0,0.4427200257778168,0.0,0.0,POINT (114 -3.75)
Tongkol (Euthynus affinis),-3.75,114.25,0.41610369086265564,0.0,0.0,POINT (114.25 -3.75)
Tongkol (Euthynus affinis),-3.75,114.5,0.4721769690513611,0.0,0.0,POINT (114.5 -3.75)
Tongkol (Euthynus affinis),-3.5,106.0,0.367269366979599,0.0,0.0,POINT (106 -3.5)
Tongkol (Euthynus affinis),-3.5,111.75,0.363425076007843,0.0,0.0,POINT (111.75 -3.5)
Tongkol (Euthynus affinis),-3.5,112.0,0.4040941596031189,0.0,0.0,POINT (112 -3.5)
Tongkol (Euthynus affinis),-3.5,112.25,0.3703041076660156,0.0,0.0,POINT (112.25 -3.5)
Tongkol (Euthynus affinis),-3.5,112.5,0.3668949604034424,0.0,0.0,POINT (112.5 -3.5)
Tongkol (Euthynus affinis),-3.5,112.75,0.3495151698589325,0.0,0.0,POINT (112.75 -3.5)
Tongkol (Euthynus affinis),-3.5,113.0,0.358171284198761,0.0,0.0,POINT (113 -3.5)
Tongkol (Euthynus affinis),-3.5,113.25,0.38630154728889465,0.0,0.0,POINT (113.25 -3.5)
Tongkol (Euthynus affinis),-3.5,113.5,0.4365091025829315,0.0,0.0,POINT (113.5 -3.5)
Tongkol (Euthynus affinis),-3.5,113.75,0.5193532705307007,0.0,0.0,POINT (113.75 -3.5)
Tongkol (Euthynus affinis),-3.5,114.0,0.45123088359832764,0.0,0.0,POINT (114 -3.5)
Tongkol (Euthynus affinis),-3.5,114.25,0.4719584584236145,0.0,0.0,POINT (114.25 -3.5)
Tongkol (Euthynus affinis),-3.25,111.5,0.2839406430721283,0.0,0.0,POINT (111.5 -3.25)
Tongkol (Euthynus affinis),-3.25,111.75,0.3065347373485565,0.0,0.0,POINT (111.75 -3.25)
Tongkol (Euthynus affinis),-3.25,113.0,0.29075321555137634,0.0,0.0,POINT (113 -3.25)
Tongkol (Euthynus affinis),-3.25,113.25,0.3077073395252228,0.0,0.0,POINT (113.25 -3.25)
Tongkol (Euthynus affinis),-3.25,113.5,0.37028855085372925,0.0,0.0,POINT (113.5 -3.25)
Tongkol (Euthynus affinis),-3.0,110.25,0.2841808795928955,0.0,0.0,POINT (110.25 -3)
Tongkol (Euthynus affinis),-3.0,110.5,0.2880183160305023,0.0,0.0,POINT (110.5 -3)
Tongkol (Euthynus affinis),-3.0,111.25,0.3062995970249176,0.0,0.0,POINT (111.25 -3)
Tongkol (Euthynus affinis),-3.0,111.5,0.3077421188354492,0.0,0.0,POINT (111.5 -3)
Tongkol (Euthynus affinis),-3.0,111.75,0.29539161920547485,0.0,0.0,POINT (111.75 -3)
Tongkol (Euthynus affinis),-2.75,106.75,0.3062871992588043,0.0,0.0,POINT (106.75 -2.75)
Tongkol (Euthynus affinis),-2.0,110.0,0.2921539545059204,0.0,0.0,POINT (110 -2)
Cakalang (Katsuwonus pelamis),-7.75,106.25,0.2899707555770874,0.0,0.0,POINT (106.25 -7.75)
Cakalang (Katsuwonus pelamis),-7.75,106.5,0.3132782578468323,0.0,0.0,POINT (106.5 -7.75)
Cakalang (Katsuwonus pelamis),-7.75,106.75,0.3744954764842987,0.0,0.0,POINT (106.75 -7.75)
Cakalang (Katsuwonus pelamis),-7.75,107.0,0.40634846687316895,0.0,0.0,POINT (107 -7.75)
Cakalang (Katsuwonus pelamis),-7.75,107.25,0.5657812356948853,0.0,0.0,POINT (107.25 -7.75)
Cakalang (Katsuwonus pelamis),-7.75,107.5,0.6740983724594116,0.0,0.0,POINT (107.5 -7.75)
Cakalang (Katsuwonus pelamis),-7.75,107.75,0.784564197063446,0.0,0.0,POINT (107.75 -7.75)
Cakalang (Katsuwonus pelamis),-7.75,113.25,0.33104658126831055,0.0,0.0,POINT (113.25 -7.75)
Cakalang (Katsuwonus pelamis),-7.75,113.5,0.3163065016269684,0.0,0.0,POINT (113.5 -7.75)
Cakalang (Katsuwonus pelamis),-7.75,113.75,0.3015264570713043,0.0,0.0,POINT (113.75 -7.75)
Cakalang (Katsuwonus pelamis),-7.5,106.25,0.299676775932312,0.0,0.0,POINT (106.25 -7.5)
Cakalang (Katsuwonus pelamis),-7.5,106.5,0.33187389373779297,0.0,0.0,POINT (106.5 -7.5)
Cakalang (Katsuwonus pelamis),-7.5,106.75,0.3947908878326416,0.0,0.0,POINT (106.75 -7.5)
Cakalang (Katsuwonus pelamis),-7.5,113.0,0.45580846071243286,0.0,0.0,POINT (113 -7.5)
Cakalang (Katsuwonus pelamis),-7.5,113.25,0.4090977907180786,0.0,0.0,POINT (113.25 -7.5)
Cakalang (Katsuwonus pelamis),-7.5,113.5,0.3372230529785156,0.0,0.0,POINT (113.5 -7.5)
Cakalang (Katsuwonus pelamis),-7.25,106.25,0.3173027038574219,0.0,0.0,POINT (106.25 -7.25)
Cakalang (Katsuwonus pelamis),-7.25,113.5,0.41000181436538696,0.0,0.0,POINT (113.5 -7.25)
Cakalang (Katsuwonus pelamis),-7.0,106.0,0.3066409230232239,0.0,0.0,POINT (106 -7)
Cakalang (Katsuwonus pelamis),-6.75,111.75,0.2920690178871155,0.0,0.0,POINT (111.75 -6.75)
Cakalang (Katsuwonus pelamis),-6.5,110.5,0.29543235898017883,0.0,0.0,POINT (110.5 -6.5)
Cakalang (Katsuwonus pelamis),-6.0,106.5,0.5768206119537354,0.0,0.0,POINT (106.5 -6)
Cakalang (Katsuwonus pelamis),-6.0,106.75,0.4076412320137024,0.0,0.0,POINT (106.75 -6)
Cakalang (Katsuwonus pelamis),-5.75,113.5,0.28977853059768677,0.0,0.0,POINT (113.5 -5.75)
Cakalang (Katsuwonus pelamis),-5.75,114.75,0.2900794744491577,0.0,0.0,POINT (114.75 -5.75)
Cakalang (Katsuwonus pelamis),-5.75,115.0,0.29328930377960205,0.0,0.0,POINT (115 -5.75)
Cakalang (Katsuwonus pelamis),-5.5,115.0,0.29405611753463745,0.0,0.0,POINT (115 -5.5)
Cakalang (Katsuwonus pelamis),-5.25,115.0,0.292072057723999,0.0,0.0,POINT (115 -5.25)
Cakalang (Katsuwonus pelamis),-4.0,106.0,0.42246168851852417,0.0,0.0,POINT (106 -4)
Cakalang (Katsuwonus pelamis),-4.0,114.25,0.28904837369918823,0.0,0.0,POINT (114.25 -4)
Cakalang (Katsuwonus pelamis),-4.0,114.5,0.2922646701335907,0.0,0.0,POINT (114.5 -4)
Cakalang (Katsuwonus pelamis),-3.75,106.0,0.38006672263145447,0.0,0.0,POINT (106 -3.75)
Cakalang (Katsuwonus pelamis),-3.75,111.75,0.29513901472091675,0.0,0.0,POINT (111.75 -3.75)
Cakalang (Katsuwonus pelamis),-3.75,112.0,0.3014141619205475,0.0,0.0,POINT (112 -3.75)
Cakalang (Katsuwonus pelamis),-3.75,113.5,0.3153839707374573,0.0,0.0,POINT (113.5 -3.75)
Cakalang (Katsuwonus pelamis),-3.75,113.75,0.3922649919986725,0.0,0.0,POINT (113.75 -3.75)
Cakalang (Katsuwonus pelamis),-3.75,114.0,0.4144945442676544,0.0,0.0,POINT (114 -3.75)
Cakalang (Katsuwonus pelamis),-3.75,114.25,0.39253097772598267,0.0,0.0,POINT (114.25 -3.75)
Cakalang (Katsuwonus pelamis),-3.75,114.5,0.44105076789855957,0.0,0.0,POINT (114.5 -3.75)
Cakalang (Katsuwonus pelamis),-3.5,106.0,0.3259933888912201,0.0,0.0,POINT (106 -3.5)
Cakalang (Katsuwonus pelamis),-3.5,111.75,0.3285125494003296,0.0,0.0,POINT (111.75 -3.5)
Cakalang (Katsuwonus pelamis),-3.5,112.0,0.3864167332649231,0.0,0.0,POINT (112 -3.5)
Cakalang (Katsuwonus pelamis),-3.5,112.25,0.3338942229747772,0.0,0.0,POINT (112.25 -3.5)
Cakalang (Katsuwonus pelamis),-3.5,112.5,0.3333859145641327,0.0,0.0,POINT (112.5 -3.5)
Cakalang (Katsuwonus pelamis),-3.5,112.75,0.32019007205963135,0.0,0.0,POINT (112.75 -3.5)
Cakalang (Katsuwonus pelamis),-3.5,113.0,0.3232095539569855,0.0,0.0,POINT (113 -3.5)
Cakalang (Katsuwonus pelamis),-3.5,113.25,0.3427378833293915,0.0,0.0,POINT (113.25 -3.5)
Cakalang (Katsuwonus pelamis),-3.5,113.5,0.41509056091308594,0.0,0.0,POINT (113.5 -3.5)
Cakalang (Katsuwonus pelamis),-3.5,113.75,0.5914552211761475,0.0,0.0,POINT (113.75 -3.5)
Cakalang (Katsuwonus pelamis),-3.5,114.0,0.42548301815986633,0.0,0.0,POINT (114 -3.5)
Cakalang (Katsuwonus pelamis),-3.5,114.25,0.4437302350997925,0.0,0.0,POINT (114.25 -3.5)
Cakalang (Katsuwonus pelamis),-3.25,111.5,0.2911653518676758,0.0,0.0,POINT (111.5 -3.25)
Cakalang (Katsuwonus pelamis),-3.25,111.75,0.3107896149158478,0.0,0.0,POINT (111.75 -3.25)
Cakalang (Katsuwonus pelamis),-3.25,113.0,0.29797911643981934,0.0,0.0,POINT (113 -3.25)
Cakalang (Katsuwonus pelamis),-3.25,113.25,0.3106197416782379,0.0,0.0,POINT (113.25 -3.25)
Cakalang (Katsuwonus pelamis),-3.25,113.5,0.3315139412879944,0.0,0.0,POINT (113.5 -3.25)
Cakalang (Katsuwonus pelamis),-3.0,110.25,0.29162946343421936,0.0,0.0,POINT (110.25 -3)
Cakalang (Katsuwonus pelamis),-3.0,110.5,0.2945300042629242,0.0,0.0,POINT (110.5 -3)
Cakalang (Katsuwonus pelamis),-3.0,111.25,0.3107326030731201,0.0,0.0,POINT (111.25 -3)
Cakalang (Katsuwonus pelamis),-3.0,111.5,0.3117077052593231,0.0,0.0,POINT (111.5 -3)
Cakalang (Katsuwonus pelamis),-3.0,111.75,0.30121049284935,0.0,0.0,POINT (111.75 -3)
Cakalang (Katsuwonus pelamis),-2.75,106.75,0.30996859073638916,0.0,0.0,POINT (106.75 -2.75)
Cakalang (Katsuwonus pelamis),-2.0,110.0,0.29897642135620117,0.0,0.0,POINT (110 -2)
Tenggiri (Scomberomorus commersoni),-7.75,106.25,0.3459605574607849,0.0,0.0,POINT (106.25 -7.75)
Tenggiri (Scomberomorus commersoni),-7.75,106.5,0.37367087602615356,0.0,0.0,POINT (106.5 -7.75)
Tenggiri (Scomberomorus commersoni),-7.75,106.75,0.4547213315963745,0.0,0.0,POINT (106.75 -7.75)
Tenggiri (Scomberomorus commersoni),-7.75,107.0,0.4911103844642639,0.0,0.0,POINT (107 -7.75)
Tenggiri (Scomberomorus commersoni),-7.75,107.25,0.6113735437393188,0.0,0.0,POINT (107.25 -7.75)
Tenggiri (Scomberomorus commersoni),-7.75,107.5,0.6990758776664734,0.0,0.0,POINT (107.5 -7.75)
Tenggiri (Scomberomorus commersoni),-7.75,107.75,0.7826966643333435,0.0,0.0,POINT (107.75 -7.75)
Tenggiri (Scomberomorus commersoni),-7.75,113.25,0.39300453662872314,0.0,0.0,POINT (113.25 -7.75)
Tenggiri (Scomberomorus commersoni),-7.75,113.5,0.37756049633026123,0.0,0.0,POINT (113.5 -7.75)
Tenggiri (Scomberomorus commersoni),-7.75,113.75,0.359226793050766,0.0,0.0,POINT (113.75 -7.75)
Tenggiri (Scomberomorus commersoni),-7.5,106.25,0.35785242915153503,0.0,0.0,POINT (106.25 -7.5)
Tenggiri (Scomberomorus commersoni),-7.5,106.5,0.4404430389404297,0.0,0.0,POINT (106.5 -7.5)
Tenggiri (Scomberomorus commersoni),-7.5,106.75,0.48016607761383057,0.0,0.0,POINT (106.75 -7.5)
Tenggiri (Scomberomorus commersoni),-7.5,113.0,0.5406692028045654,0.0,0.0,POINT (113 -7.5)
Tenggiri (Scomberomorus commersoni),-7.5,113.25,0.4888388514518738,0.0,0.0,POINT (113.25 -7.5)
Tenggiri (Scomberomorus commersoni),-7.5,113.5,0.44269245862960815,0.0,0.0,POINT (113.5 -7.5)
Tenggiri (Scomberomorus commersoni),-7.25,106.25,0.4187122583389282,0.0,0.0,POINT (106.25 -7.25)
Tenggiri (Scomberomorus commersoni),-7.25,113.5,0.4917680323123932,0.0,0.0,POINT (113.5 -7.25)
Tenggiri (Scomberomorus commersoni),-7.0,105.75,0.34354764223098755,0.0,0.0,POINT (105.75 -7)
Tenggiri (Scomberomorus commersoni),-7.0,106.0,0.36644724011421204,0.0,0.0,POINT (106 -7)
Tenggiri (Scomberomorus commersoni),-6.75,111.75,0.3443076014518738,0.0,0.0,POINT (111.75 -6.75)
Tenggiri (Scomberomorus commersoni),-6.5,110.5,0.3501928448677063,0.0,0.0,POINT (110.5 -6.5)
Tenggiri (Scomberomorus commersoni),-6.0,106.5,0.5822557210922241,0.0,0.0,POINT (106.5 -6)
Tenggiri (Scomberomorus commersoni),-6.0,106.75,0.4850034713745117,0.0,0.0,POINT (106.75 -6)
Tenggiri (Scomberomorus commersoni),-5.75,113.5,0.3445887565612793,0.0,0.0,POINT (113.5 -5.75)
Tenggiri (Scomberomorus commersoni),-5.75,114.75,0.34583428502082825,0.0,0.0,POINT (114.75 -5.75)
Tenggiri (Scomberomorus commersoni),-5.75,115.0,0.34972861409187317,0.0,0.0,POINT (115 -5.75)
Tenggiri (Scomberomorus commersoni),-5.5,113.0,0.3433767557144165,0.0,0.0,POINT (113 -5.5)
Tenggiri (Scomberomorus commersoni),-5.5,115.0,0.3510955274105072,0.0,0.0,POINT (115 -5.5)
Tenggiri (Scomberomorus commersoni),-5.25,115.0,0.34865620732307434,0.0,0.0,POINT (115 -5.25)
Tenggiri (Scomberomorus commersoni),-5.0,115.0,0.34474238753318787,0.0,0.0,POINT (115 -5)
Tenggiri (Scomberomorus commersoni),-4.0,106.0,0.4984924793243408,0.0,0.0,POINT (106 -4)
Tenggiri (Scomberomorus commersoni),-3.75,106.0,0.45568761229515076,0.0,0.0,POINT (106 -3.75)
Tenggiri (Scomberomorus commersoni),-3.75,111.75,0.3469386696815491,0.0,0.0,POINT (111.75 -3.75)
Tenggiri (Scomberomorus commersoni),-3.75,112.0,0.35377541184425354,0.0,0.0,POINT (112 -3.75)
Tenggiri (Scomberomorus commersoni),-3.75,113.5,0.37613725662231445,0.0,0.0,POINT (113.5 -3.75)
Tenggiri (Scomberomorus commersoni),-3.75,113.75,0.4744994640350342,0.0,0.0,POINT (113.75 -3.75)
Tenggiri (Scomberomorus commersoni),-3.75,114.0,0.49825069308280945,0.0,0.0,POINT (114 -3.75)
Tenggiri (Scomberomorus commersoni),-3.75,114.25,0.4736156761646271,0.0,0.0,POINT (114.25 -3.75)
Tenggiri (Scomberomorus commersoni),-3.75,114.5,0.5278465151786804,0.0,0.0,POINT (114.5 -3.75)
Tenggiri (Scomberomorus commersoni),-3.5,106.0,0.42461419105529785,0.0,0.0,POINT (106 -3.5)
Tenggiri (Scomberomorus commersoni),-3.5,111.75,0.3867824077606201,0.0,0.0,POINT (111.75 -3.5)
Tenggiri (Scomberomorus commersoni),-3.5,112.0,0.4623127579689026,0.0,0.0,POINT (112 -3.5)
Tenggiri (Scomberomorus commersoni),-3.5,112.25,0.39253735542297363,0.0,0.0,POINT (112.25 -3.5)
Tenggiri (Scomberomorus commersoni),-3.5,112.5,0.3898114562034607,0.0,0.0,POINT (112.5 -3.5)
Tenggiri (Scomberomorus commersoni),-3.5,112.75,0.3760366439819336,0.0,0.0,POINT (112.75 -3.5)
Tenggiri (Scomberomorus commersoni),-3.5,113.0,0.38181188702583313,0.0,0.0,POINT (113 -3.5)
Tenggiri (Scomberomorus commersoni),-3.5,113.25,0.44313180446624756,0.0,0.0,POINT (113.25 -3.5)
Tenggiri (Scomberomorus commersoni),-3.5,113.5,0.4905560612678528,0.0,0.0,POINT (113.5 -3.5)
Tenggiri (Scomberomorus commersoni),-3.5,113.75,0.6339544057846069,0.0,0.0,POINT (113.75 -3.5)
Tenggiri (Scomberomorus commersoni),-3.5,114.0,0.5062475204467773,0.0,0.0,POINT (114 -3.5)
Tenggiri (Scomberomorus commersoni),-3.5,114.25,0.526313066482544,0.0,0.0,POINT (114.25 -3.5)
Tenggiri (Scomberomorus commersoni),-3.25,111.5,0.34395089745521545,0.0,0.0,POINT (111.5 -3.25)
Tenggiri (Scomberomorus commersoni),-3.25,111.75,0.3655196726322174,0.0,0.0,POINT (111.75 -3.25)
Tenggiri (Scomberomorus commersoni),-3.25,113.0,0.35066938400268555,0.0,0.0,POINT (113 -3.25)
Tenggiri (Scomberomorus commersoni),-3.25,113.25,0.36716723442077637,0.0,0.0,POINT (113.25 -3.25)
Tenggiri (Scomberomorus commersoni),-3.25,113.5,0.4285573959350586,0.0,0.0,POINT (113.5 -3.25)
Tenggiri (Scomberomorus commersoni),-3.0,110.5,0.3466627597808838,0.0,0.0,POINT (110.5 -3)
Tenggiri (Scomberomorus commersoni),-3.0,111.25,0.36488378047943115,0.0,0.0,POINT (111.25 -3)
Tenggiri (Scomberomorus commersoni),-3.0,111.5,0.3666107654571533,0.0,0.0,POINT (111.5 -3)
Tenggiri (Scomberomorus commersoni),-3.0,111.75,0.3545995354652405,0.0,0.0,POINT (111.75 -3)
Tenggiri (Scomberomorus commersoni),-2.75,106.75,0.3622458875179291,0.0,0.0,POINT (106.75 -2.75)
Tenggiri (Scomberomorus commersoni),-2.0,110.0,0.35089194774627686,0.0,0.0,POINT (110 -2)
Teri (Stolephorus sp.),-7.75,106.25,0.2520192861557007,0.0,0.0,POINT (106.25 -7.75)
Teri (Stolephorus sp.),-7.75,106.5,0.28441524505615234,0.0,0.0,POINT (106.5 -7.75)
Teri (Stolephorus sp.),-7.75,106.75,0.32263216376304626,0.0,0.0,POINT (106.75 -7.75)
Teri (Stolephorus sp.),-7.75,107.0,0.3571992814540863,0.0,0.0,POINT (107 -7.75)
Teri (Stolephorus sp.),-7.75,107.25,0.503474771976471,0.0,0.0,POINT (107.25 -7.75)
Teri (Stolephorus sp.),-7.75,107.5,0.5855961441993713,0.0,0.0,POINT (107.5 -7.75)
Teri (Stolephorus sp.),-7.75,107.75,0.6641457080841064,0.0,0.0,POINT (107.75 -7.75)
Teri (Stolephorus sp.),-7.75,113.25,0.30081793665885925,0.0,0.0,POINT (113.25 -7.75)
Teri (Stolephorus sp.),-7.75,113.5,0.28180086612701416,0.0,0.0,POINT (113.5 -7.75)
Teri (Stolephorus sp.),-7.75,113.75,0.2612168788909912,0.0,0.0,POINT (113.75 -7.75)
Teri (Stolephorus sp.),-7.5,106.25,0.2661113440990448,0.0,0.0,POINT (106.25 -7.5)
Teri (Stolephorus sp.),-7.5,106.5,0.3108442723751068,0.0,0.0,POINT (106.5 -7.5)
Teri (Stolephorus sp.),-7.5,106.75,0.3442404568195343,0.0,0.0,POINT (106.75 -7.5)
Teri (Stolephorus sp.),-7.5,113.0,0.47237223386764526,0.0,0.0,POINT (113 -7.5)
Teri (Stolephorus sp.),-7.5,113.25,0.35749468207359314,0.0,0.0,POINT (113.25 -7.5)
Teri (Stolephorus sp.),-7.5,113.5,0.31111520528793335,0.0,0.0,POINT (113.5 -7.5)
Teri (Stolephorus sp.),-7.25,106.25,0.29123085737228394,0.0,0.0,POINT (106.25 -7.25)
Teri (Stolephorus sp.),-7.25,113.5,0.35823434591293335,0.0,0.0,POINT (113.5 -7.25)
Teri (Stolephorus sp.),-7.0,106.0,0.27586591243743896,0.0,0.0,POINT (106 -7)
Teri (Stolephorus sp.),-6.75,111.75,0.25202617049217224,0.0,0.0,POINT (111.75 -6.75)
Teri (Stolephorus sp.),-6.5,110.5,0.25870418548583984,0.0,0.0,POINT (110.5 -6.5)
Teri (Stolephorus sp.),-6.0,106.5,0.5293033123016357,0.0,0.0,POINT (106.5 -6)
Teri (Stolephorus sp.),-6.0,106.75,0.3589039444923401,0.0,0.0,POINT (106.75 -6)
Teri (Stolephorus sp.),-5.75,113.5,0.2519759237766266,0.0,0.0,POINT (113.5 -5.75)
Teri (Stolephorus sp.),-5.75,114.75,0.2527603507041931,0.0,0.0,POINT (114.75 -5.75)
Teri (Stolephorus sp.),-5.75,115.0,0.25714266300201416,0.0,0.0,POINT (115 -5.75)
Teri (Stolephorus sp.),-5.5,115.0,0.2584376633167267,0.0,0.0,POINT (115 -5.5)
Teri (Stolephorus sp.),-5.25,115.0,0.25562405586242676,0.0,0.0,POINT (115 -5.25)
Teri (Stolephorus sp.),-5.0,115.0,0.25087037682533264,0.0,0.0,POINT (115 -5)
Teri (Stolephorus sp.),-4.0,106.0,0.37932664155960083,0.0,0.0,POINT (106 -4)
Teri (Stolephorus sp.),-4.0,114.5,0.25323623418807983,0.0,0.0,POINT (114.5 -4)
Teri (Stolephorus sp.),-3.75,106.0,0.330946683883667,0.0,0.0,POINT (106 -3.75)
Teri (Stolephorus sp.),-3.75,111.75,0.25513356924057007,0.0,0.0,POINT (111.75 -3.75)
Teri (Stolephorus sp.),-3.75,112.0,0.2633194029331207,0.0,0.0,POINT (112 -3.75)
Teri (Stolephorus sp.),-3.75,113.5,0.2883920967578888,0.0,0.0,POINT (113.5 -3.75)
Teri (Stolephorus sp.),-3.75,113.75,0.34282615780830383,0.0,0.0,POINT (113.75 -3.75)
Teri (Stolephorus sp.),-3.75,114.0,0.3670741319656372,0.0,0.0,POINT (114 -3.75)
Teri (Stolephorus sp.),-3.75,114.25,0.34216374158859253,0.0,0.0,POINT (114.25 -3.75)
Teri (Stolephorus sp.),-3.75,114.5,0.4610120952129364,0.0,0.0,POINT (114.5 -3.75)
Teri (Stolephorus sp.),-3.5,106.0,0.3020707964897156,0.0,0.0,POINT (106 -3.5)
Teri (Stolephorus sp.),-3.5,111.75,0.30046403408050537,0.0,0.0,POINT (111.75 -3.5)
Teri (Stolephorus sp.),-3.5,112.0,0.3347533643245697,0.0,0.0,POINT (112 -3.5)
Teri (Stolephorus sp.),-3.5,112.25,0.3068421483039856,0.0,0.0,POINT (112.25 -3.5)
Teri (Stolephorus sp.),-3.5,112.5,0.30598223209381104,0.0,0.0,POINT (112.5 -3.5)
Teri (Stolephorus sp.),-3.5,112.75,0.2895219624042511,0.0,0.0,POINT (112.75 -3.5)
Teri (Stolephorus sp.),-3.5,113.0,0.29484862089157104,0.0,0.0,POINT (113 -3.5)
Teri (Stolephorus sp.),-3.5,113.25,0.3214991092681885,0.0,0.0,POINT (113.25 -3.5)
Teri (Stolephorus sp.),-3.5,113.5,0.36880576610565186,0.0,0.0,POINT (113.5 -3.5)
Teri (Stolephorus sp.),-3.5,113.75,0.5249326825141907,0.0,0.0,POINT (113.75 -3.5)
Teri (Stolephorus sp.),-3.5,114.0,0.3787040710449219,0.0,0.0,POINT (114 -3.5)
Teri (Stolephorus sp.),-3.5,114.25,0.39825743436813354,0.0,0.0,POINT (114.25 -3.5)
Teri (Stolephorus sp.),-3.25,111.5,0.2503272294998169,0.0,0.0,POINT (111.5 -3.25)
Teri (Stolephorus sp.),-3.25,111.75,0.2764688730239868,0.0,0.0,POINT (111.75 -3.25)
Teri (Stolephorus sp.),-3.25,113.0,0.2581017315387726,0.0,0.0,POINT (113 -3.25)
Teri (Stolephorus sp.),-3.25,113.25,0.27701616287231445,0.0,0.0,POINT (113.25 -3.25)
Teri (Stolephorus sp.),-3.25,113.5,0.30582690238952637,0.0,0.0,POINT (113.5 -3.25)
Teri (Stolephorus sp.),-3.0,110.25,0.2519460618495941,0.0,0.0,POINT (110.25 -3)
Teri (Stolephorus sp.),-3.0,110.5,0.25639933347702026,0.0,0.0,POINT (110.5 -3)
Teri (Stolephorus sp.),-3.0,111.25,0.2767021954059601,0.0,0.0,POINT (111.25 -3)
Teri (Stolephorus sp.),-3.0,111.5,0.2779168486595154,0.0,0.0,POINT (111.5 -3)
Teri (Stolephorus sp.),-3.0,111.75,0.2639230489730835,0.0,0.0,POINT (111.75 -3)
Teri (Stolephorus sp.),-2.75,106.75,0.279641717672348,0.0,0.0,POINT (106.75 -2.75)
Teri (Stolephorus sp.),-2.0,110.0,0.2609923183917999,0.0,0.0,POINT (110 -2)
Shortfin scad (Decapterus sp.),-7.75,106.25,0.3030780851840973,0.0,0.0,POINT (106.25 -7.75)
Shortfin scad (Decapterus sp.),-7.75,106.5,0.33143386244773865,0.0,0.0,POINT (106.5 -7.75)
Shortfin scad (Decapterus sp.),-7.75,106.75,0.36547398567199707,0.0,0.0,POINT (106.75 -7.75)
Shortfin scad (Decapterus sp.),-7.75,107.0,0.45043492317199707,0.0,0.0,POINT (107 -7.75)
Shortfin scad (Decapterus sp.),-7.75,107.25,0.5152652263641357,0.0,0.0,POINT (107.25 -7.75)
Shortfin scad (Decapterus sp.),-7.75,107.5,0.6880953311920166,0.0,0.0,POINT (107.5 -7.75)
Shortfin scad (Decapterus sp.),-7.75,107.75,0.7850039005279541,0.0,0.0,POINT (107.75 -7.75)
Shortfin scad (Decapterus sp.),-7.75,113.25,0.3490627110004425,0.0,0.0,POINT (113.25 -7.75)
Shortfin scad (Decapterus sp.),-7.75,113.5,0.3330313563346863,0.0,0.0,POINT (113.5 -7.75)
Shortfin scad (Decapterus sp.),-7.75,113.75,0.3145204484462738,0.0,0.0,POINT (113.75 -7.75)
Shortfin scad (Decapterus sp.),-7.5,106.25,0.3153262138366699,0.0,0.0,POINT (106.25 -7.5)
Shortfin scad (Decapterus sp.),-7.5,106.5,0.35488325357437134,0.0,0.0,POINT (106.5 -7.5)
Shortfin scad (Decapterus sp.),-7.5,106.75,0.43875429034233093,0.0,0.0,POINT (106.75 -7.5)
Shortfin scad (Decapterus sp.),-7.5,113.0,0.4997757077217102,0.0,0.0,POINT (113 -7.5)
Shortfin scad (Decapterus sp.),-7.5,113.25,0.3968498110771179,0.0,0.0,POINT (113.25 -7.5)
Shortfin scad (Decapterus sp.),-7.5,113.5,0.3582040071487427,0.0,0.0,POINT (113.5 -7.5)
Shortfin scad (Decapterus sp.),-7.25,106.25,0.33786553144454956,0.0,0.0,POINT (106.25 -7.25)
Shortfin scad (Decapterus sp.),-7.25,113.5,0.3980734348297119,0.0,0.0,POINT (113.5 -7.25)
Shortfin scad (Decapterus sp.),-7.0,106.0,0.32403725385665894,0.0,0.0,POINT (106 -7)
Shortfin scad (Decapterus sp.),-6.75,111.75,0.30184781551361084,0.0,0.0,POINT (111.75 -6.75)
Shortfin scad (Decapterus sp.),-6.5,110.5,0.3078877627849579,0.0,0.0,POINT (110.5 -6.5)
Shortfin scad (Decapterus sp.),-6.0,106.5,0.544913649559021,0.0,0.0,POINT (106.5 -6)
Shortfin scad (Decapterus sp.),-6.0,106.75,0.39454907178878784,0.0,0.0,POINT (106.75 -6)
Shortfin scad (Decapterus sp.),-5.75,113.5,0.3021446168422699,0.0,0.0,POINT (113.5 -5.75)
Shortfin scad (Decapterus sp.),-5.75,114.75,0.30323460698127747,0.0,0.0,POINT (114.75 -5.75)
Shortfin scad (Decapterus sp.),-5.75,115.0,0.30716612935066223,0.0,0.0,POINT (115 -5.75)
Shortfin scad (Decapterus sp.),-5.5,115.0,0.3084840774536133,0.0,0.0,POINT (115 -5.5)
Shortfin scad (Decapterus sp.),-5.25,115.0,0.3059971034526825,0.0,0.0,POINT (115 -5.25)
Shortfin scad (Decapterus sp.),-5.0,115.0,0.30194491147994995,0.0,0.0,POINT (115 -5)
Shortfin scad (Decapterus sp.),-4.0,106.0,0.4617387652397156,0.0,0.0,POINT (106 -4)
Shortfin scad (Decapterus sp.),-4.0,114.5,0.30160582065582275,0.0,0.0,POINT (114.5 -4)
Shortfin scad (Decapterus sp.),-3.75,106.0,0.3691907823085785,0.0,0.0,POINT (106 -3.75)
Shortfin scad (Decapterus sp.),-3.75,111.75,0.3045046031475067,0.0,0.0,POINT (111.75 -3.75)
Shortfin scad (Decapterus sp.),-3.75,112.0,0.311536967754364,0.0,0.0,POINT (112 -3.75)
Shortfin scad (Decapterus sp.),-3.75,113.5,0.3343217968940735,0.0,0.0,POINT (113.5 -3.75)
Shortfin scad (Decapterus sp.),-3.75,113.75,0.3815663158893585,0.0,0.0,POINT (113.75 -3.75)
Shortfin scad (Decapterus sp.),-3.75,114.0,0.4585859477519989,0.0,0.0,POINT (114 -3.75)
Shortfin scad (Decapterus sp.),-3.75,114.25,0.3817739486694336,0.0,0.0,POINT (114.25 -3.75)
Shortfin scad (Decapterus sp.),-3.75,114.5,0.48808252811431885,0.0,0.0,POINT (114.5 -3.75)
Shortfin scad (Decapterus sp.),-3.5,106.0,0.3449435830116272,0.0,0.0,POINT (106 -3.5)
Shortfin scad (Decapterus sp.),-3.5,111.75,0.3448655605316162,0.0,0.0,POINT (111.75 -3.5)
Shortfin scad (Decapterus sp.),-3.5,112.0,0.37550362944602966,0.0,0.0,POINT (112 -3.5)
Shortfin scad (Decapterus sp.),-3.5,112.25,0.35060834884643555,0.0,0.0,POINT (112.25 -3.5)
Shortfin scad (Decapterus sp.),-3.5,112.5,0.3485014736652374,0.0,0.0,POINT (112.5 -3.5)
Shortfin scad (Decapterus sp.),-3.5,112.75,0.3343731760978699,0.0,0.0,POINT (112.75 -3.5)
Shortfin scad (Decapterus sp.),-3.5,113.0,0.3399050533771515,0.0,0.0,POINT (113 -3.5)
Shortfin scad (Decapterus sp.),-3.5,113.25,0.3615288734436035,0.0,0.0,POINT (113.25 -3.5)
Shortfin scad (Decapterus sp.),-3.5,113.5,0.4005250334739685,0.0,0.0,POINT (113.5 -3.5)
Shortfin scad (Decapterus sp.),-3.5,113.75,0.5327252149581909,0.0,0.0,POINT (113.75 -3.5)
Shortfin scad (Decapterus sp.),-3.5,114.0,0.4669499397277832,0.0,0.0,POINT (114 -3.5)
Shortfin scad (Decapterus sp.),-3.5,114.25,0.487488329410553,0.0,0.0,POINT (114.25 -3.5)
Shortfin scad (Decapterus sp.),-3.25,111.5,0.30108642578125,0.0,0.0,POINT (111.5 -3.25)
Shortfin scad (Decapterus sp.),-3.25,111.75,0.32338759303092957,0.0,0.0,POINT (111.75 -3.25)
Shortfin scad (Decapterus sp.),-3.25,113.0,0.30787211656570435,0.0,0.0,POINT (113 -3.25)
Shortfin scad (Decapterus sp.),-3.25,113.25,0.3246958553791046,0.0,0.0,POINT (113.25 -3.25)
Shortfin scad (Decapterus sp.),-3.25,113.5,0.349304735660553,0.0,0.0,POINT (113.5 -3.25)
Shortfin scad (Decapterus sp.),-3.0,110.25,0.30100637674331665,0.0,0.0,POINT (110.25 -3)
Shortfin scad (Decapterus sp.),-3.0,110.5,0.30477386713027954,0.0,0.0,POINT (110.5 -3)
Shortfin scad (Decapterus sp.),-3.0,111.25,0.32303792238235474,0.0,0.0,POINT (111.25 -3)
Shortfin scad (Decapterus sp.),-3.0,111.5,0.3245617151260376,0.0,0.0,POINT (111.5 -3)
Shortfin scad (Decapterus sp.),-3.0,111.75,0.312308132648468,0.0,0.0,POINT (111.75 -3)
Shortfin scad (Decapterus sp.),-2.75,106.75,0.32227540016174316,0.0,0.0,POINT (106.75 -2.75)
Shortfin scad (Decapterus sp.),-2.0,110.0,0.3089362382888794,0.0,0.0,POINT (110 -2)
Spotted sardinella (Amblygaster sirm),-7.75,106.25,0.27217385172843933,0.0,0.0,POINT (106.25 -7.75)
Spotted sardinella (Amblygaster sirm),-7.75,106.5,0.30562806129455566,0.0,0.0,POINT (106.5 -7.75)
Spotted sardinella (Amblygaster sirm),-7.75,106.75,0.3459385335445404,0.0,0.0,POINT (106.75 -7.75)
Spotted sardinella (Amblygaster sirm),-7.75,107.0,0.3800869584083557,0.0,0.0,POINT (107 -7.75)
Spotted sardinella (Amblygaster sirm),-7.75,107.25,0.44767045974731445,0.0,0.0,POINT (107.25 -7.75)
Spotted sardinella (Amblygaster sirm),-7.75,107.5,0.59598708152771,0.0,0.0,POINT (107.5 -7.75)
Spotted sardinella (Amblygaster sirm),-7.75,107.75,0.8373109102249146,0.0,0.0,POINT (107.75 -7.75)
Spotted sardinella (Amblygaster sirm),-7.75,113.25,0.3220527172088623,0.0,0.0,POINT (113.25 -7.75)
Spotted sardinella (Amblygaster sirm),-7.75,113.5,0.30361443758010864,0.0,0.0,POINT (113.5 -7.75)
Spotted sardinella (Amblygaster sirm),-7.75,113.75,0.2818819284439087,0.0,0.0,POINT (113.75 -7.75)
Spotted sardinella (Amblygaster sirm),-7.5,106.25,0.286903440952301,0.0,0.0,POINT (106.25 -7.5)
Spotted sardinella (Amblygaster sirm),-7.5,106.5,0.333463579416275,0.0,0.0,POINT (106.5 -7.5)
Spotted sardinella (Amblygaster sirm),-7.5,106.75,0.36848634481430054,0.0,0.0,POINT (106.75 -7.5)
Spotted sardinella (Amblygaster sirm),-7.5,113.0,0.4268439710140228,0.0,0.0,POINT (113 -7.5)
Spotted sardinella (Amblygaster sirm),-7.5,113.25,0.3781048059463501,0.0,0.0,POINT (113.25 -7.5)
Spotted sardinella (Amblygaster sirm),-7.5,113.5,0.3335387110710144,0.0,0.0,POINT (113.5 -7.5)
Spotted sardinella (Amblygaster sirm),-7.25,106.25,0.3136223554611206,0.0,0.0,POINT (106.25 -7.25)
Spotted sardinella (Amblygaster sirm),-7.25,113.5,0.3798261284828186,0.0,0.0,POINT (113.5 -7.25)
Spotted sardinella (Amblygaster sirm),-7.0,105.75,0.2698758840560913,0.0,0.0,POINT (105.75 -7)
Spotted sardinella (Amblygaster sirm),-7.0,106.0,0.29716935753822327,0.0,0.0,POINT (106 -7)
Spotted sardinella (Amblygaster sirm),-6.75,111.75,0.2697869539260864,0.0,0.0,POINT (111.75 -6.75)
Spotted sardinella (Amblygaster sirm),-6.5,110.5,0.2777217924594879,0.0,0.0,POINT (110.5 -6.5)
Spotted sardinella (Amblygaster sirm),-6.0,106.5,0.5547300577163696,0.0,0.0,POINT (106.5 -6)
Spotted sardinella (Amblygaster sirm),-6.0,106.75,0.3779181241989136,0.0,0.0,POINT (106.75 -6)
Spotted sardinella (Amblygaster sirm),-5.75,113.5,0.271393358707428,0.0,0.0,POINT (113.5 -5.75)
Spotted sardinella (Amblygaster sirm),-5.75,114.75,0.27273479104042053,0.0,0.0,POINT (114.75 -5.75)
Spotted sardinella (Amblygaster sirm),-5.75,115.0,0.27731525897979736,0.0,0.0,POINT (115 -5.75)
Spotted sardinella (Amblygaster sirm),-5.5,113.0,0.26979145407676697,0.0,0.0,POINT (113 -5.5)
Spotted sardinella (Amblygaster sirm),-5.5,115.0,0.2789219915866852,0.0,0.0,POINT (115 -5.5)
Spotted sardinella (Amblygaster sirm),-5.25,115.0,0.2759700119495392,0.0,0.0,POINT (115 -5.25)
Spotted sardinella (Amblygaster sirm),-5.0,115.0,0.2712227702140808,0.0,0.0,POINT (115 -5)
Spotted sardinella (Amblygaster sirm),-4.0,106.0,0.3956562876701355,0.0,0.0,POINT (106 -4)
Spotted sardinella (Amblygaster sirm),-4.0,114.5,0.27023008465766907,0.0,0.0,POINT (114.5 -4)
Spotted sardinella (Amblygaster sirm),-3.75,106.0,0.3510732650756836,0.0,0.0,POINT (106 -3.75)
Spotted sardinella (Amblygaster sirm),-3.75,111.75,0.2724406123161316,0.0,0.0,POINT (111.75 -3.75)
Spotted sardinella (Amblygaster sirm),-3.75,112.0,0.2805410921573639,0.0,0.0,POINT (112 -3.75)
Spotted sardinella (Amblygaster sirm),-3.75,113.5,0.30963391065597534,0.0,0.0,POINT (113.5 -3.75)
Spotted sardinella (Amblygaster sirm),-3.75,113.75,0.365477055311203,0.0,0.0,POINT (113.75 -3.75)
Spotted sardinella (Amblygaster sirm),-3.75,114.0,0.38858646154403687,0.0,0.0,POINT (114 -3.75)
Spotted sardinella (Amblygaster sirm),-3.75,114.25,0.364382803440094,0.0,0.0,POINT (114.25 -3.75)
Spotted sardinella (Amblygaster sirm),-3.75,114.5,0.4153786599636078,0.0,0.0,POINT (114.5 -3.75)
Spotted sardinella (Amblygaster sirm),-3.5,106.0,0.3220476806163788,0.0,0.0,POINT (106 -3.5)
Spotted sardinella (Amblygaster sirm),-3.5,111.75,0.3194343149662018,0.0,0.0,POINT (111.75 -3.5)
Spotted sardinella (Amblygaster sirm),-3.5,112.0,0.35502368211746216,0.0,0.0,POINT (112 -3.5)
Spotted sardinella (Amblygaster sirm),-3.5,112.25,0.32569754123687744,0.0,0.0,POINT (112.25 -3.5)
Spotted sardinella (Amblygaster sirm),-3.5,112.5,0.323486328125,0.0,0.0,POINT (112.5 -3.5)
Spotted sardinella (Amblygaster sirm),-3.5,112.75,0.30755317211151123,0.0,0.0,POINT (112.75 -3.5)
Spotted sardinella (Amblygaster sirm),-3.5,113.0,0.3143450617790222,0.0,0.0,POINT (113 -3.5)
Spotted sardinella (Amblygaster sirm),-3.5,113.25,0.3400737941265106,0.0,0.0,POINT (113.25 -3.5)
Spotted sardinella (Amblygaster sirm),-3.5,113.5,0.38591891527175903,0.0,0.0,POINT (113.5 -3.5)
Spotted sardinella (Amblygaster sirm),-3.5,113.75,0.4646685719490051,0.0,0.0,POINT (113.75 -3.5)
Spotted sardinella (Amblygaster sirm),-3.5,114.0,0.39783865213394165,0.0,0.0,POINT (114 -3.5)
Spotted sardinella (Amblygaster sirm),-3.5,114.25,0.4168046712875366,0.0,0.0,POINT (114.25 -3.5)
Spotted sardinella (Amblygaster sirm),-3.25,111.75,0.29448744654655457,0.0,0.0,POINT (111.75 -3.25)
Spotted sardinella (Amblygaster sirm),-3.25,113.0,0.2758009135723114,0.0,0.0,POINT (113 -3.25)
Spotted sardinella (Amblygaster sirm),-3.25,113.25,0.296158105134964,0.0,0.0,POINT (113.25 -3.25)
Spotted sardinella (Amblygaster sirm),-3.25,113.5,0.32524576783180237,0.0,0.0,POINT (113.5 -3.25)
Spotted sardinella (Amblygaster sirm),-3.0,110.5,0.27387356758117676,0.0,0.0,POINT (110.5 -3)
Spotted sardinella (Amblygaster sirm),-3.0,111.25,0.2943479120731354,0.0,0.0,POINT (111.25 -3)
Spotted sardinella (Amblygaster sirm),-3.0,111.5,0.29596978425979614,0.0,0.0,POINT (111.5 -3)
Spotted sardinella (Amblygaster sirm),-3.0,111.75,0.28176969289779663,0.0,0.0,POINT (111.75 -3)
Spotted sardinella (Amblygaster sirm),-2.75,106.75,0.2959998548030853,0.0,0.0,POINT (106.75 -2.75)
Spotted sardinella (Amblygaster sirm),-2.0,110.0,0.2780689001083374,0.0,0.0,POINT (110 -2)
⚠ Zona Bahaya: Perairan Dangkal,-7.5,114.08333333333331,2.0,8.393948833407734,0.3999999910593033,POINT (114.08333333333331 -7.5)
⚠ Zona Bahaya: Perairan Dangkal,-7.25,114.08333333333331,2.0,8.926810139925067,0.4899999890476465,POINT (114.08333333333331 -7.25)
⚠ Zona Bahaya: Perairan Dangkal,-7.166666666666671,113.75,2.0,5.95487233759647,0.3799999915063381,POINT (113.75 -7.166666666666671)
⚠ Zona Bahaya: Perairan Dangkal,-7.166666666666671,113.83333333333331,2.0,6.405332411147214,0.3999999910593033,POINT (113.83333333333331 -7.166666666666671)
⚠ Zona Bahaya: Perairan Dangkal,-7.166666666666671,113.91666666666663,2.0,6.910726640008988,0.41999999061226845,POINT (113.91666666666663 -7.166666666666671)
⚠ Zona Bahaya: Perairan Dangkal,-7.166666666666671,114.0,2.0,4.999018035183951,0.40999999083578587,POINT (114 -7.166666666666671)
⚠ Zona Bahaya: Perairan Dangkal,-7.166666666666671,114.08333333333331,2.0,5.866977689098775,0.4399999901652336,POINT (114.08333333333331 -7.166666666666671)
⚠ Zona Bahaya: Perairan Dangkal,-7.083333333333343,113.91666666666663,2.0,4.999018035183951,0.3299999926239252,POINT (113.91666666666663 -7.083333333333343)
⚠ Zona Bahaya: Perairan Dangkal,-7.083333333333343,114.0,2.0,4.999018035183951,0.3499999921768904,POINT (114 -7.083333333333343)
⚠ Zona Bahaya: Perairan Dangkal,-7.083333333333343,114.08333333333331,2.0,5.257208565145959,0.3799999915063381,POINT (114.08333333333331 -7.083333333333343)
⚠ Zona Bahaya: Perairan Dangkal,-7.083333333333343,114.16666666666663,2.0,6.789871498324658,0.3899999912828207,POINT (114.16666666666663 -7.083333333333343)
⚠ Zona Bahaya: Perairan Dangkal,-7.083333333333343,114.25,2.0,9.43220436878687,0.3799999915063381,POINT (114.25 -7.083333333333343)
⚠ Zona Bahaya: Perairan Dangkal,-7.0,113.91666666666663,2.0,4.999018035183951,0.0,POINT (113.91666666666663 -7)
⚠ Zona Bahaya: Perairan Dangkal,-7.0,114.0,2.0,4.999018035183951,0.0,POINT (114 -7)
⚠ Zona Bahaya: Perairan Dangkal,-7.0,114.08333333333331,2.0,4.999018035183951,0.0,POINT (114.08333333333331 -7)
⚠ Zona Bahaya: Perairan Dangkal,-7.0,114.16666666666663,2.0,5.4989188485146485,0.3799999915063381,POINT (114.16666666666663 -7)
⚠ Zona Bahaya: Perairan Dangkal,-6.916666666666671,112.66666666666663,2.0,6.910726640008988,0.30999999307096004,POINT (112.66666666666663 -6.916666666666671)
⚠ Zona Bahaya: Perairan Dangkal,-6.416666666666671,110.66666666666663,2.0,9.250921656260346,0.2899999935179949,POINT (110.66666666666663 -6.416666666666671)
⚠ Zona Bahaya: Perairan Dangkal,-6.166666666666671,108.0,2.0,6.998621288506712,0.23999999463558197,POINT (108 -6.166666666666671)
⚠ Zona Bahaya: Perairan Dangkal,-6.166666666666671,108.08333333333331,2.0,5.339609798112548,0.24999999441206455,POINT (108.08333333333331 -6.166666666666671)
⚠ Zona Bahaya: Perairan Dangkal,-6.166666666666671,108.16666666666663,2.0,5.004511450715057,0.2699999939650297,POINT (108.16666666666663 -6.166666666666671)
⚠ Zona Bahaya: Perairan Dangkal,-6.166666666666671,108.25,2.0,5.9823394152519995,0.3199999928474426,POINT (108.25 -6.166666666666671)
⚠ Zona Bahaya: Perairan Dangkal,-6.166666666666671,108.33333333333331,2.0,9.256415071791452,0.3899999912828207,POINT (108.33333333333331 -6.166666666666671)
⚠ Zona Bahaya: Perairan Dangkal,-6.083333333333343,107.83333333333331,2.0,9.168520423293756,0.3299999926239252,POINT (107.83333333333331 -6.083333333333343)
⚠ Zona Bahaya: Perairan Dangkal,-6.083333333333343,108.08333333333331,2.0,8.25112002959898,0.3399999924004078,POINT (108.08333333333331 -6.083333333333343)
⚠ Zona Bahaya: Perairan Dangkal,-6.083333333333343,108.16666666666663,2.0,7.9489821753881245,0.35999999195337296,POINT (108.16666666666663 -6.083333333333343)
⚠ Zona Bahaya: Perairan Dangkal,-5.916666666666671,107.0,2.0,6.751417589606916,0.2299999948590994,POINT (107 -5.916666666666671)
⚠ Zona Bahaya: Perairan Dangkal,-5.916666666666671,110.16666666666663,2.0,9.871677611275373,0.47999998927116394,POINT (110.16666666666663 -5.916666666666671)
⚠ Zona Bahaya: Perairan Dangkal,-5.833333333333343,110.08333333333331,2.0,7.366680129090838,0.41999999061226845,POINT (110.08333333333331 -5.833333333333343)
⚠ Zona Bahaya: Perairan Dangkal,-5.833333333333343,110.16666666666663,2.0,6.042766986094165,0.4399999901652336,POINT (110.16666666666663 -5.833333333333343)
⚠ Zona Bahaya: Perairan Dangkal,-5.833333333333343,110.25,2.0,6.493227059644909,0.4599999897181988,POINT (110.25 -5.833333333333343)
⚠ Zona Bahaya: Perairan Dangkal,-5.833333333333343,110.33333333333331,2.0,6.570134877080392,0.47999998927116394,POINT (110.33333333333331 -5.833333333333343)
⚠ Zona Bahaya: Perairan Dangkal,-5.833333333333343,110.41666666666663,2.0,6.059247232687511,0.4999999888241291,POINT (110.41666666666663 -5.833333333333343)
⚠ Zona Bahaya: Perairan Dangkal,-5.833333333333343,110.5,2.0,6.300957516056172,0.5299999881535769,POINT (110.5 -5.833333333333343)
⚠ Zona Bahaya: Perairan Dangkal,-5.75,110.08333333333331,2.0,6.795364913855764,0.41999999061226845,POINT (110.08333333333331 -5.75)
⚠ Zona Bahaya: Perairan Dangkal,-5.75,110.16666666666663,2.0,5.575826665950132,0.41999999061226845,POINT (110.16666666666663 -5.75)
⚠ Zona Bahaya: Perairan Dangkal,-5.75,110.25,2.0,5.4989188485146485,0.42999999038875103,POINT (110.25 -5.75)
⚠ Zona Bahaya: Perairan Dangkal,-5.75,110.33333333333331,2.0,5.345103213643654,0.4499999899417162,POINT (110.33333333333331 -5.75)
⚠ Zona Bahaya: Perairan Dangkal,-5.75,110.41666666666663,2.0,4.999018035183951,0.46999998949468136,POINT (110.41666666666663 -5.75)
⚠ Zona Bahaya: Perairan Dangkal,-5.75,110.5,2.0,4.999018035183951,0.5099999886006117,POINT (110.5 -5.75)
⚠ Zona Bahaya: Perairan Dangkal,-5.75,112.66666666666663,2.0,7.141450092315466,0.5899999868124723,POINT (112.66666666666663 -5.75)
⚠ Zona Bahaya: Perairan Dangkal,-5.666666666666671,106.5,2.0,7.179904001033208,0.29999999329447746,POINT (106.5 -5.666666666666671)
⚠ Zona Bahaya: Perairan Dangkal,-5.666666666666671,110.08333333333331,2.0,8.366481755752204,0.4499999899417162,POINT (110.08333333333331 -5.666666666666671)
⚠ Zona Bahaya: Perairan Dangkal,-5.666666666666671,110.16666666666663,2.0,6.515200721769332,0.4499999899417162,POINT (110.16666666666663 -5.666666666666671)
⚠ Zona Bahaya: Perairan Dangkal,-5.666666666666671,110.25,2.0,5.877964520160987,0.4599999897181988,POINT (110.25 -5.666666666666671)
⚠ Zona Bahaya: Perairan Dangkal,-5.666666666666671,110.33333333333331,2.0,6.257010191807325,0.47999998927116394,POINT (110.33333333333331 -5.666666666666671)
⚠ Zona Bahaya: Perairan Dangkal,-5.666666666666671,110.41666666666663,2.0,7.52598917949291,0.5099999886006117,POINT (110.41666666666663 -5.666666666666671)
⚠ Zona Bahaya: Perairan Dangkal,-5.666666666666671,110.5,2.0,9.234441409667028,0.549999987706542,POINT (110.5 -5.666666666666671)
⚠ Zona Bahaya: Perairan Dangkal,-5.583333333333343,106.41666666666663,2.0,9.860690780213162,0.2799999937415123,POINT (106.41666666666663 -5.583333333333343)
⚠ Zona Bahaya: Perairan Dangkal,-5.583333333333343,106.5,2.0,4.999018035183951,0.2799999937415123,POINT (106.5 -5.583333333333343)
⚠ Zona Bahaya: Perairan Dangkal,-5.583333333333343,106.58333333333331,2.0,7.218357909750949,0.3299999926239252,POINT (106.58333333333331 -5.583333333333343)
⚠ Zona Bahaya: Perairan Dangkal,-5.583333333333343,110.16666666666663,2.0,9.503618770691247,0.5199999883770943,POINT (110.16666666666663 -5.583333333333343)
⚠ Zona Bahaya: Perairan Dangkal,-5.583333333333343,110.25,2.0,8.833422075896266,0.5399999879300594,POINT (110.25 -5.583333333333343)
⚠ Zona Bahaya: Perairan Dangkal,-5.5,106.5,2.0,4.999018035183951,0.2899999935179949,POINT (106.5 -5.5)
⚠ Zona Bahaya: Perairan Dangkal,-5.5,106.58333333333331,2.0,5.224248071959323,0.3299999926239252,POINT (106.58333333333331 -5.5)
⚠ Zona Bahaya: Perairan Dangkal,-5.5,106.66666666666663,2.0,9.998026168490838,0.3899999912828207,POINT (106.66666666666663 -5.5)
⚠ Zona Bahaya: Perairan Dangkal,-5.5,114.41666666666663,2.0,8.146745134507967,0.5799999870359898,POINT (114.41666666666663 -5.5)
⚠ Zona Bahaya: Perairan Dangkal,-5.5,114.5,2.0,5.180300747710476,0.5699999872595072,POINT (114.5 -5.5)
⚠ Zona Bahaya: Perairan Dangkal,-5.416666666666671,106.5,2.0,6.833818822573505,0.3299999926239252,POINT (106.5 -5.416666666666671)
⚠ Zona Bahaya: Perairan Dangkal,-5.416666666666671,106.58333333333331,2.0,6.251516776276219,0.35999999195337296,POINT (106.58333333333331 -5.416666666666671)
⚠ Zona Bahaya: Perairan Dangkal,-5.416666666666671,114.41666666666663,2.0,7.52598917949291,0.5799999870359898,POINT (114.41666666666663 -5.416666666666671)
⚠ Zona Bahaya: Perairan Dangkal,-5.416666666666671,114.5,2.0,6.625069032391451,0.5899999868124723,POINT (114.5 -5.416666666666671)
⚠ Zona Bahaya: Perairan Dangkal,-5.083333333333343,106.08333333333331,2.0,6.432799488802743,0.2699999939650297,POINT (106.08333333333331 -5.083333333333343)
⚠ Zona Bahaya: Perairan Dangkal,-5.0,106.0,2.0,9.102599436920485,0.0,POINT (106 -5)
⚠ Zona Bahaya: Perairan Dangkal,-5.0,106.08333333333331,2.0,8.701580103149695,0.2899999935179949,POINT (106.08333333333331 -5)
⚠ Zona Bahaya: Perairan Dangkal,-4.916666666666671,106.08333333333331,2.0,8.838915491427372,0.3199999928474426,POINT (106.08333333333331 -4.916666666666671)
⚠ Zona Bahaya: Perairan Dangkal,-4.75,106.0,2.0,6.630562447922557,0.3499999921768904,POINT (106 -4.75)
⚠ Zona Bahaya: Perairan Dangkal,-4.666666666666671,105.91666666666663,2.0,7.56444308821068,0.2799999937415123,POINT (105.91666666666663 -4.666666666666671)
⚠ Zona Bahaya: Perairan Dangkal,-4.666666666666671,106.0,2.0,6.246023360745113,0.3499999921768904,POINT (106 -4.666666666666671)
⚠ Zona Bahaya: Perairan Dangkal,-4.666666666666671,106.08333333333331,2.0,9.6189804968445,0.40999999083578587,POINT (106.08333333333331 -4.666666666666671)
⚠ Zona Bahaya: Perairan Dangkal,-4.583333333333343,105.91666666666663,2.0,4.999018035183951,0.25999999418854713,POINT (105.91666666666663 -4.583333333333343)
⚠ Zona Bahaya: Perairan Dangkal,-4.583333333333343,106.0,2.0,4.999018035183951,0.3299999926239252,POINT (106 -4.583333333333343)
⚠ Zona Bahaya: Perairan Dangkal,-4.583333333333343,106.08333333333331,2.0,6.658029525578115,0.3799999915063381,POINT (106.08333333333331 -4.583333333333343)
⚠ Zona Bahaya: Perairan Dangkal,-4.583333333333343,106.16666666666663,2.0,8.877369400145113,0.41999999061226845,POINT (106.16666666666663 -4.583333333333343)
⚠ Zona Bahaya: Perairan Dangkal,-4.5,105.91666666666663,2.0,4.999018035183951,0.25999999418854713,POINT (105.91666666666663 -4.5)
⚠ Zona Bahaya: Perairan Dangkal,-4.5,106.0,2.0,4.999018035183951,0.3399999924004078,POINT (106 -4.5)
⚠ Zona Bahaya: Perairan Dangkal,-4.5,106.08333333333331,2.0,5.262701980677065,0.36999999172985554,POINT (106.08333333333331 -4.5)
⚠ Zona Bahaya: Perairan Dangkal,-4.5,106.16666666666663,2.0,9.27289531838477,0.42999999038875103,POINT (106.16666666666663 -4.5)
⚠ Zona Bahaya: Perairan Dangkal,-4.416666666666671,105.91666666666663,2.0,5.004511450715057,0.2699999939650297,POINT (105.91666666666663 -4.416666666666671)
⚠ Zona Bahaya: Perairan Dangkal,-4.416666666666671,106.0,2.0,5.042965359432799,0.35999999195337296,POINT (106 -4.416666666666671)
⚠ Zona Bahaya: Perairan Dangkal,-4.416666666666671,106.08333333333331,2.0,6.1086879724674645,0.3899999912828207,POINT (106.08333333333331 -4.416666666666671)
⚠ Zona Bahaya: Perairan Dangkal,-4.333333333333343,105.91666666666663,2.0,8.306054184910039,0.3199999928474426,POINT (105.91666666666663 -4.333333333333343)
⚠ Zona Bahaya: Perairan Dangkal,-4.333333333333343,106.0,2.0,5.795563287194398,0.3899999912828207,POINT (106 -4.333333333333343)
⚠ Zona Bahaya: Perairan Dangkal,-4.333333333333343,106.08333333333331,2.0,7.98194266857476,0.40999999083578587,POINT (106.08333333333331 -4.333333333333343)
⚠ Zona Bahaya: Perairan Dangkal,-4.25,106.0,2.0,6.191089205434054,0.3999999910593033,POINT (106 -4.25)
⚠ Zona Bahaya: Perairan Dangkal,-4.25,106.08333333333331,2.0,9.168520423293756,0.41999999061226845,POINT (106.08333333333331 -4.25)
⚠ Zona Bahaya: Perairan Dangkal,-4.166666666666671,106.0,2.0,7.102996183597725,0.3899999912828207,POINT (106 -4.166666666666671)
⚠ Zona Bahaya: Perairan Dangkal,-4.083333333333343,105.83333333333331,2.0,7.212864494219843,0.2699999939650297,POINT (105.83333333333331 -4.083333333333343)
⚠ Zona Bahaya: Perairan Dangkal,-4.083333333333343,105.91666666666663,2.0,7.130463261253254,0.3199999928474426,POINT (105.91666666666663 -4.083333333333343)
⚠ Zona Bahaya: Perairan Dangkal,-4.083333333333343,106.0,2.0,9.602500250251154,0.3899999912828207,POINT (106 -4.083333333333343)
⚠ Zona Bahaya: Perairan Dangkal,-3.6666666666666714,105.83333333333331,2.0,8.756514258460783,0.2699999939650297,POINT (105.83333333333331 -3.6666666666666714)
⚠ Zona Bahaya: Perairan Dangkal,-3.6666666666666714,105.91666666666663,2.0,7.344706466966414,0.3299999926239252,POINT (105.91666666666663 -3.6666666666666714)
⚠ Zona Bahaya: Perairan Dangkal,-3.6666666666666714,106.0,2.0,8.965264048642808,0.3899999912828207,POINT (106 -3.6666666666666714)
⚠ Zona Bahaya: Perairan Dangkal,-3.583333333333343,106.0,2.0,9.547566094940095,0.40999999083578587,POINT (106 -3.583333333333343)
⚠ Zona Bahaya: Perairan Dangkal,-3.583333333333343,111.91666666666663,2.0,9.712368560873301,0.6899999845772982,POINT (111.91666666666663 -3.583333333333343)
⚠ Zona Bahaya: Perairan Dangkal,-3.583333333333343,112.0,2.0,9.294868980509193,0.7099999841302633,POINT (112 -3.583333333333343)
⚠ Zona Bahaya: Perairan Dangkal,-3.5,111.91666666666663,2.0,5.405530784485819,0.0,POINT (111.91666666666663 -3.5)
⚠ Zona Bahaya: Perairan Dangkal,-3.5,112.0,2.0,6.795364913855764,0.0,POINT (112 -3.5)
⚠ Zona Bahaya: Perairan Dangkal,-3.5,114.41666666666663,2.0,9.234441409667028,0.3799999915063381,POINT (114.41666666666663 -3.5)
⚠ Zona Bahaya: Perairan Dangkal,-3.5,114.5,2.0,6.822831991511293,0.2799999937415123,POINT (114.5 -3.5)
⚠ Zona Bahaya: Perairan Dangkal,-3.5,114.58333333333331,2.0,5.301155889394806,0.0,POINT (114.58333333333331 -3.5)
⚠ Zona Bahaya: Perairan Dangkal,-3.4166666666666714,108.0,2.0,9.294868980509193,0.47999998927116394,POINT (108 -3.4166666666666714)
⚠ Zona Bahaya: Perairan Dangkal,-3.4166666666666714,108.08333333333331,2.0,9.212467747542604,0.4999999888241291,POINT (108.08333333333331 -3.4166666666666714)
⚠ Zona Bahaya: Perairan Dangkal,-3.4166666666666714,113.58333333333331,2.0,9.152040176700439,0.5899999868124723,POINT (113.58333333333331 -3.4166666666666714)
⚠ Zona Bahaya: Perairan Dangkal,-3.4166666666666714,113.66666666666663,2.0,6.8997398089467765,0.4899999890476465,POINT (113.66666666666663 -3.4166666666666714)
⚠ Zona Bahaya: Perairan Dangkal,-3.4166666666666714,113.91666666666663,2.0,6.641549278984769,0.5399999879300594,POINT (113.91666666666663 -3.4166666666666714)
⚠ Zona Bahaya: Perairan Dangkal,-3.4166666666666714,114.0,2.0,6.2020760364962655,0.549999987706542,POINT (114 -3.4166666666666714)
⚠ Zona Bahaya: Perairan Dangkal,-3.4166666666666714,114.08333333333331,2.0,8.816941829302948,0.5699999872595072,POINT (114.08333333333331 -3.4166666666666714)
⚠ Zona Bahaya: Perairan Dangkal,-3.4166666666666714,114.16666666666663,2.0,8.218159536412344,0.5099999886006117,POINT (114.16666666666663 -3.4166666666666714)
⚠ Zona Bahaya: Perairan Dangkal,-3.4166666666666714,114.25,2.0,6.817338575980187,0.42999999038875103,POINT (114.25 -3.4166666666666714)
⚠ Zona Bahaya: Perairan Dangkal,-3.4166666666666714,114.33333333333331,2.0,5.916418428878728,0.3499999921768904,POINT (114.33333333333331 -3.4166666666666714)
⚠ Zona Bahaya: Perairan Dangkal,-3.4166666666666714,114.41666666666663,2.0,5.707668638696674,0.2799999937415123,POINT (114.41666666666663 -3.4166666666666714)
⚠ Zona Bahaya: Perairan Dangkal,-3.4166666666666714,114.5,2.0,5.301155889394806,0.20999999530613422,POINT (114.5 -3.4166666666666714)
⚠ Zona Bahaya: Perairan Dangkal,-3.333333333333343,107.83333333333331,2.0,9.014704788422762,0.3999999910593033,POINT (107.83333333333331 -3.333333333333343)
⚠ Zona Bahaya: Perairan Dangkal,-3.333333333333343,107.91666666666663,2.0,6.877766146822353,0.3899999912828207,POINT (107.91666666666663 -3.333333333333343)
⚠ Zona Bahaya: Perairan Dangkal,-3.333333333333343,108.0,2.0,5.932898675472046,0.3899999912828207,POINT (108 -3.333333333333343)
⚠ Zona Bahaya: Perairan Dangkal,-3.333333333333343,108.08333333333331,2.0,5.932898675472046,0.40999999083578587,POINT (108.08333333333331 -3.333333333333343)
⚠ Zona Bahaya: Perairan Dangkal,-3.333333333333343,108.16666666666663,2.0,7.8226336181726595,0.4599999897181988,POINT (108.16666666666663 -3.333333333333343)
⚠ Zona Bahaya: Perairan Dangkal,-3.333333333333343,108.5,2.0,8.575231545934258,0.5299999881535769,POINT (108.5 -3.333333333333343)
⚠ Zona Bahaya: Perairan Dangkal,-3.333333333333343,113.5,2.0,8.360988340221098,0.5699999872595072,POINT (113.5 -3.333333333333343)
⚠ Zona Bahaya: Perairan Dangkal,-3.25,106.91666666666663,2.0,9.98154592189752,0.3999999910593033,POINT (106.91666666666663 -3.25)
⚠ Zona Bahaya: Perairan Dangkal,-3.25,107.0,2.0,9.893651273399797,0.3999999910593033,POINT (107 -3.25)
⚠ Zona Bahaya: Perairan Dangkal,-3.25,107.08333333333331,2.0,9.388257044538022,0.3999999910593033,POINT (107.08333333333331 -3.25)
⚠ Zona Bahaya: Perairan Dangkal,-3.25,107.66666666666663,2.0,8.613685454652,0.30999999307096004,POINT (107.66666666666663 -3.25)
⚠ Zona Bahaya: Perairan Dangkal,-3.25,107.75,2.0,6.493227059644909,0.30999999307096004,POINT (107.75 -3.25)
⚠ Zona Bahaya: Perairan Dangkal,-3.25,107.83333333333331,2.0,5.531879341701284,0.29999999329447746,POINT (107.83333333333331 -3.25)
⚠ Zona Bahaya: Perairan Dangkal,-3.25,107.91666666666663,2.0,4.999018035183951,0.2899999935179949,POINT (107.91666666666663 -3.25)
⚠ Zona Bahaya: Perairan Dangkal,-3.25,108.0,2.0,4.999018035183951,0.2899999935179949,POINT (108 -3.25)
⚠ Zona Bahaya: Perairan Dangkal,-3.25,108.08333333333331,2.0,4.999018035183951,0.3399999924004078,POINT (108.08333333333331 -3.25)
⚠ Zona Bahaya: Perairan Dangkal,-3.25,108.16666666666663,2.0,6.048260401625271,0.3899999912828207,POINT (108.16666666666663 -3.25)
⚠ Zona Bahaya: Perairan Dangkal,-3.25,108.25,2.0,9.492631939629035,0.4399999901652336,POINT (108.25 -3.25)
⚠ Zona Bahaya: Perairan Dangkal,-3.25,108.41666666666663,2.0,8.42690932659437,0.46999998949468136,POINT (108.41666666666663 -3.25)
⚠ Zona Bahaya: Perairan Dangkal,-3.25,108.5,2.0,5.383557122361395,0.46999998949468136,POINT (108.5 -3.25)
⚠ Zona Bahaya: Perairan Dangkal,-3.25,108.58333333333331,2.0,7.602896996928422,0.5299999881535769,POINT (108.58333333333331 -3.25)
⚠ Zona Bahaya: Perairan Dangkal,-3.25,113.41666666666663,2.0,7.652337736708375,0.5399999879300594,POINT (113.41666666666663 -3.25)
⚠ Zona Bahaya: Perairan Dangkal,-3.25,113.5,2.0,8.415922495532158,0.47999998927116394,POINT (113.5 -3.25)
⚠ Zona Bahaya: Perairan Dangkal,-3.1666666666666714,106.16666666666663,2.0,8.729047180805253,0.3499999921768904,POINT (106.16666666666663 -3.1666666666666714)
⚠ Zona Bahaya: Perairan Dangkal,-3.1666666666666714,106.25,2.0,8.740034011867465,0.36999999172985554,POINT (106.25 -3.1666666666666714)
⚠ Zona Bahaya: Perairan Dangkal,-3.1666666666666714,106.75,2.0,9.569539757064518,0.3399999924004078,POINT (106.75 -3.1666666666666714)
⚠ Zona Bahaya: Perairan Dangkal,-3.1666666666666714,106.83333333333331,2.0,7.35019988249752,0.3399999924004078,POINT (106.83333333333331 -3.1666666666666714)
⚠ Zona Bahaya: Perairan Dangkal,-3.1666666666666714,106.91666666666663,2.0,6.998621288506712,0.35999999195337296,POINT (106.91666666666663 -3.1666666666666714)
⚠ Zona Bahaya: Perairan Dangkal,-3.1666666666666714,107.0,2.0,6.998621288506712,0.36999999172985554,POINT (107 -3.1666666666666714)
⚠ Zona Bahaya: Perairan Dangkal,-3.1666666666666714,107.08333333333331,2.0,7.465561608650745,0.36999999172985554,POINT (107.08333333333331 -3.1666666666666714)
⚠ Zona Bahaya: Perairan Dangkal,-3.1666666666666714,107.58333333333331,2.0,6.388852164553896,0.2199999950826168,POINT (107.58333333333331 -3.1666666666666714)
⚠ Zona Bahaya: Perairan Dangkal,-3.1666666666666714,107.83333333333331,2.0,4.999018035183951,0.19999999552965164,POINT (107.83333333333331 -3.1666666666666714)
⚠ Zona Bahaya: Perairan Dangkal,-3.1666666666666714,108.16666666666663,2.0,5.438491277672455,0.3299999926239252,POINT (108.16666666666663 -3.1666666666666714)
⚠ Zona Bahaya: Perairan Dangkal,-3.1666666666666714,108.25,2.0,6.80085832938687,0.3799999915063381,POINT (108.25 -3.1666666666666714)
⚠ Zona Bahaya: Perairan Dangkal,-3.1666666666666714,108.33333333333331,2.0,7.322732804841991,0.41999999061226845,POINT (108.33333333333331 -3.1666666666666714)
⚠ Zona Bahaya: Perairan Dangkal,-3.1666666666666714,108.41666666666663,2.0,5.8999381822854104,0.42999999038875103,POINT (108.41666666666663 -3.1666666666666714)
⚠ Zona Bahaya: Perairan Dangkal,-3.1666666666666714,108.5,2.0,4.999018035183951,0.4399999901652336,POINT (108.5 -3.1666666666666714)
⚠ Zona Bahaya: Perairan Dangkal,-3.1666666666666714,108.58333333333331,2.0,5.636254236792297,0.4899999890476465,POINT (108.58333333333331 -3.1666666666666714)
⚠ Zona Bahaya: Perairan Dangkal,-3.1666666666666714,108.66666666666663,2.0,9.21796116307371,0.5699999872595072,POINT (108.66666666666663 -3.1666666666666714)
⚠ Zona Bahaya: Perairan Dangkal,-3.083333333333343,106.75,2.0,5.383557122361395,0.25999999418854713,POINT (106.75 -3.083333333333343)
⚠ Zona Bahaya: Perairan Dangkal,-3.083333333333343,106.83333333333331,2.0,4.999018035183951,0.2799999937415123,POINT (106.83333333333331 -3.083333333333343)
⚠ Zona Bahaya: Perairan Dangkal,-3.083333333333343,106.91666666666663,2.0,4.999018035183951,0.29999999329447746,POINT (106.91666666666663 -3.083333333333343)
⚠ Zona Bahaya: Perairan Dangkal,-3.083333333333343,107.0,2.0,4.999018035183951,0.3299999926239252,POINT (107 -3.083333333333343)
⚠ Zona Bahaya: Perairan Dangkal,-3.083333333333343,107.08333333333331,2.0,5.56483983488792,0.3399999924004078,POINT (107.08333333333331 -3.083333333333343)
⚠ Zona Bahaya: Perairan Dangkal,-3.083333333333343,107.5,2.0,9.036678450547214,0.19999999552965164,POINT (107.5 -3.083333333333343)
⚠ Zona Bahaya: Perairan Dangkal,-3.083333333333343,108.25,2.0,4.999018035183951,0.3299999926239252,POINT (108.25 -3.083333333333343)
⚠ Zona Bahaya: Perairan Dangkal,-3.083333333333343,108.33333333333331,2.0,4.999018035183951,0.36999999172985554,POINT (108.33333333333331 -3.083333333333343)
⚠ Zona Bahaya: Perairan Dangkal,-3.083333333333343,108.41666666666663,2.0,4.999018035183951,0.40999999083578587,POINT (108.41666666666663 -3.083333333333343)
⚠ Zona Bahaya: Perairan Dangkal,-3.083333333333343,108.5,2.0,4.999018035183951,0.42999999038875103,POINT (108.5 -3.083333333333343)
⚠ Zona Bahaya: Perairan Dangkal,-3.083333333333343,108.58333333333331,2.0,4.999018035183951,0.46999998949468136,POINT (108.58333333333331 -3.083333333333343)
⚠ Zona Bahaya: Perairan Dangkal,-3.083333333333343,108.66666666666663,2.0,7.465561608650745,0.5399999879300594,POINT (108.66666666666663 -3.083333333333343)
⚠ Zona Bahaya: Perairan Dangkal,-3.0,106.75,2.0,4.999018035183951,0.20999999530613422,POINT (106.75 -3)
⚠ Zona Bahaya: Perairan Dangkal,-3.0,106.83333333333331,2.0,4.999018035183951,0.2299999948590994,POINT (106.83333333333331 -3)
⚠ Zona Bahaya: Perairan Dangkal,-3.0,106.91666666666663,2.0,4.999018035183951,0.25999999418854713,POINT (106.91666666666663 -3)
⚠ Zona Bahaya: Perairan Dangkal,-3.0,107.0,2.0,4.999018035183951,0.2899999935179949,POINT (107 -3)
⚠ Zona Bahaya: Perairan Dangkal,-3.0,107.08333333333331,2.0,4.999018035183951,0.30999999307096004,POINT (107.08333333333331 -3)
⚠ Zona Bahaya: Perairan Dangkal,-3.0,107.16666666666663,2.0,4.999018035183951,0.30999999307096004,POINT (107.16666666666663 -3)
⚠ Zona Bahaya: Perairan Dangkal,-3.0,107.5,2.0,7.130463261253254,0.13999999687075615,POINT (107.5 -3)
⚠ Zona Bahaya: Perairan Dangkal,-3.0,108.25,2.0,4.999018035183951,0.29999999329447746,POINT (108.25 -3)
⚠ Zona Bahaya: Perairan Dangkal,-3.0,108.33333333333331,2.0,4.999018035183951,0.3499999921768904,POINT (108.33333333333331 -3)
⚠ Zona Bahaya: Perairan Dangkal,-3.0,108.41666666666663,2.0,4.999018035183951,0.3999999910593033,POINT (108.41666666666663 -3)
⚠ Zona Bahaya: Perairan Dangkal,-3.0,108.5,2.0,4.999018035183951,0.42999999038875103,POINT (108.5 -3)
⚠ Zona Bahaya: Perairan Dangkal,-3.0,108.58333333333331,2.0,4.999018035183951,0.4599999897181988,POINT (108.58333333333331 -3)
⚠ Zona Bahaya: Perairan Dangkal,-3.0,108.66666666666663,2.0,6.58661512367371,0.5299999881535769,POINT (108.66666666666663 -3)
⚠ Zona Bahaya: Perairan Dangkal,-3.0,108.75,2.0,8.877369400145113,0.5899999868124723,POINT (108.75 -3)
⚠ Zona Bahaya: Perairan Dangkal,-3.0,110.33333333333331,2.0,9.5530595104712,0.6499999854713678,POINT (110.33333333333331 -3)
⚠ Zona Bahaya: Perairan Dangkal,-3.0,111.0,2.0,9.091612605858273,0.0,POINT (111 -3)
⚠ Zona Bahaya: Perairan Dangkal,-3.0,111.08333333333331,2.0,8.624672285714212,0.0,POINT (111.08333333333331 -3)
⚠ Zona Bahaya: Perairan Dangkal,-3.0,111.16666666666663,2.0,6.806351744917976,0.0,POINT (111.16666666666663 -3)
⚠ Zona Bahaya: Perairan Dangkal,-3.0,113.08333333333331,2.0,7.998422915168078,0.0,POINT (113.08333333333331 -3)
⚠ Zona Bahaya: Perairan Dangkal,-2.9166666666666714,106.75,2.0,5.306649304925912,0.1599999964237213,POINT (106.75 -2.9166666666666714)
⚠ Zona Bahaya: Perairan Dangkal,-2.9166666666666714,106.83333333333331,2.0,4.999018035183951,0.18999999575316906,POINT (106.83333333333331 -2.9166666666666714)
⚠ Zona Bahaya: Perairan Dangkal,-2.9166666666666714,106.91666666666663,2.0,4.999018035183951,0.2199999950826168,POINT (106.91666666666663 -2.9166666666666714)
⚠ Zona Bahaya: Perairan Dangkal,-2.9166666666666714,107.0,2.0,4.999018035183951,0.24999999441206455,POINT (107 -2.9166666666666714)
⚠ Zona Bahaya: Perairan Dangkal,-2.9166666666666714,107.08333333333331,2.0,4.999018035183951,0.2699999939650297,POINT (107.08333333333331 -2.9166666666666714)
⚠ Zona Bahaya: Perairan Dangkal,-2.9166666666666714,107.16666666666663,2.0,8.146745134507967,0.2699999939650297,POINT (107.16666666666663 -2.9166666666666714)
⚠ Zona Bahaya: Perairan Dangkal,-2.9166666666666714,107.5,2.0,6.004313077376423,0.1099999975413084,POINT (107.5 -2.9166666666666714)
⚠ Zona Bahaya: Perairan Dangkal,-2.9166666666666714,108.25,2.0,4.999018035183951,0.2799999937415123,POINT (108.25 -2.9166666666666714)
⚠ Zona Bahaya: Perairan Dangkal,-2.9166666666666714,108.33333333333331,2.0,4.999018035183951,0.3399999924004078,POINT (108.33333333333331 -2.9166666666666714)
⚠ Zona Bahaya: Perairan Dangkal,-2.9166666666666714,108.41666666666663,2.0,4.999018035183951,0.3999999910593033,POINT (108.41666666666663 -2.9166666666666714)
⚠ Zona Bahaya: Perairan Dangkal,-2.9166666666666714,108.5,2.0,4.999018035183951,0.41999999061226845,POINT (108.5 -2.9166666666666714)
⚠ Zona Bahaya: Perairan Dangkal,-2.9166666666666714,108.58333333333331,2.0,4.999018035183951,0.4499999899417162,POINT (108.58333333333331 -2.9166666666666714)
⚠ Zona Bahaya: Perairan Dangkal,-2.9166666666666714,108.66666666666663,2.0,5.262701980677065,0.4999999888241291,POINT (108.66666666666663 -2.9166666666666714)
⚠ Zona Bahaya: Perairan Dangkal,-2.9166666666666714,108.75,2.0,7.295265727186461,0.5599999874830246,POINT (108.75 -2.9166666666666714)
⚠ Zona Bahaya: Perairan Dangkal,-2.9166666666666714,110.16666666666663,2.0,9.976052506366415,0.5299999881535769,POINT (110.16666666666663 -2.9166666666666714)
⚠ Zona Bahaya: Perairan Dangkal,-2.9166666666666714,110.25,2.0,6.954673964257864,0.47999998927116394,POINT (110.25 -2.9166666666666714)
⚠ Zona Bahaya: Perairan Dangkal,-2.9166666666666714,110.33333333333331,2.0,6.740430758544704,0.4999999888241291,POINT (110.33333333333331 -2.9166666666666714)
⚠ Zona Bahaya: Perairan Dangkal,-2.9166666666666714,111.75,2.0,6.80085832938687,0.1699999962002039,POINT (111.75 -2.9166666666666714)
⚠ Zona Bahaya: Perairan Dangkal,-2.833333333333343,106.66666666666663,2.0,5.910925013347622,0.13999999687075615,POINT (106.66666666666663 -2.833333333333343)
⚠ Zona Bahaya: Perairan Dangkal,-2.833333333333343,106.75,2.0,5.185794163241582,0.1699999962002039,POINT (106.75 -2.833333333333343)
⚠ Zona Bahaya: Perairan Dangkal,-2.833333333333343,106.83333333333331,2.0,5.542866172763496,0.19999999552965164,POINT (106.83333333333331 -2.833333333333343)
⚠ Zona Bahaya: Perairan Dangkal,-2.833333333333343,106.91666666666663,2.0,6.4163192422094255,0.2299999948590994,POINT (106.91666666666663 -2.833333333333343)
⚠ Zona Bahaya: Perairan Dangkal,-2.833333333333343,107.0,2.0,5.3780637068302894,0.23999999463558197,POINT (107 -2.833333333333343)
⚠ Zona Bahaya: Perairan Dangkal,-2.833333333333343,107.08333333333331,2.0,5.960365753127576,0.24999999441206455,POINT (107.08333333333331 -2.833333333333343)
⚠ Zona Bahaya: Perairan Dangkal,-2.833333333333343,107.5,2.0,6.037273570563059,0.08999999798834324,POINT (107.5 -2.833333333333343)
⚠ Zona Bahaya: Perairan Dangkal,-2.833333333333343,107.58333333333331,2.0,5.169313916648235,0.04999999888241291,POINT (107.58333333333331 -2.833333333333343)
⚠ Zona Bahaya: Perairan Dangkal,-2.833333333333343,108.33333333333331,2.0,6.333918009242808,0.35999999195337296,POINT (108.33333333333331 -2.833333333333343)
⚠ Zona Bahaya: Perairan Dangkal,-2.833333333333343,108.41666666666663,2.0,6.158128712247418,0.40999999083578587,POINT (108.41666666666663 -2.833333333333343)
⚠ Zona Bahaya: Perairan Dangkal,-2.833333333333343,108.5,2.0,5.2791822272703826,0.42999999038875103,POINT (108.5 -2.833333333333343)
⚠ Zona Bahaya: Perairan Dangkal,-2.833333333333343,108.58333333333331,2.0,5.042965359432799,0.4499999899417162,POINT (108.58333333333331 -2.833333333333343)
⚠ Zona Bahaya: Perairan Dangkal,-2.833333333333343,108.66666666666663,2.0,4.999018035183951,0.4899999890476465,POINT (108.66666666666663 -2.833333333333343)
⚠ Zona Bahaya: Perairan Dangkal,-2.833333333333343,108.75,2.0,6.712963680889175,0.549999987706542,POINT (108.75 -2.833333333333343)
⚠ Zona Bahaya: Perairan Dangkal,-2.75,106.75,2.0,5.95487233759647,0.19999999552965164,POINT (106.75 -2.75)
⚠ Zona Bahaya: Perairan Dangkal,-2.75,106.83333333333331,2.0,6.372371917960578,0.2299999948590994,POINT (106.83333333333331 -2.75)
⚠ Zona Bahaya: Perairan Dangkal,-2.75,106.91666666666663,2.0,6.300957516056172,0.23999999463558197,POINT (106.91666666666663 -2.75)
⚠ Zona Bahaya: Perairan Dangkal,-2.75,107.0,2.0,5.2846756428014885,0.23999999463558197,POINT (107 -2.75)
⚠ Zona Bahaya: Perairan Dangkal,-2.75,107.08333333333331,2.0,9.09710602138938,0.24999999441206455,POINT (107.08333333333331 -2.75)
⚠ Zona Bahaya: Perairan Dangkal,-2.75,107.58333333333331,2.0,6.734937343013598,0.05999999865889549,POINT (107.58333333333331 -2.75)
⚠ Zona Bahaya: Perairan Dangkal,-2.75,108.33333333333331,2.0,5.998819661845317,0.35999999195337296,POINT (108.33333333333331 -2.75)
⚠ Zona Bahaya: Perairan Dangkal,-2.75,108.41666666666663,2.0,5.866977689098775,0.40999999083578587,POINT (108.41666666666663 -2.75)
⚠ Zona Bahaya: Perairan Dangkal,-2.75,108.5,2.0,5.207767825366005,0.41999999061226845,POINT (108.5 -2.75)
⚠ Zona Bahaya: Perairan Dangkal,-2.75,108.58333333333331,2.0,5.031978528370587,0.4499999899417162,POINT (108.58333333333331 -2.75)
⚠ Zona Bahaya: Perairan Dangkal,-2.75,108.66666666666663,2.0,4.999018035183951,0.47999998927116394,POINT (108.66666666666663 -2.75)
⚠ Zona Bahaya: Perairan Dangkal,-2.75,108.75,2.0,6.38335874902279,0.5399999879300594,POINT (108.75 -2.75)
⚠ Zona Bahaya: Perairan Dangkal,-2.75,108.83333333333331,2.0,9.855197364682056,0.6099999863654375,POINT (108.83333333333331 -2.75)
⚠ Zona Bahaya: Perairan Dangkal,-2.6666666666666714,106.75,2.0,7.344706466966414,0.2199999950826168,POINT (106.75 -2.6666666666666714)
⚠ Zona Bahaya: Perairan Dangkal,-2.6666666666666714,106.83333333333331,2.0,7.223851325282055,0.24999999441206455,POINT (106.83333333333331 -2.6666666666666714)
⚠ Zona Bahaya: Perairan Dangkal,-2.6666666666666714,106.91666666666663,2.0,5.520892510639072,0.25999999418854713,POINT (106.91666666666663 -2.6666666666666714)
⚠ Zona Bahaya: Perairan Dangkal,-2.6666666666666714,107.0,2.0,4.999018035183951,0.25999999418854713,POINT (107 -2.6666666666666714)
⚠ Zona Bahaya: Perairan Dangkal,-2.6666666666666714,108.25,2.0,4.999018035183951,0.2799999937415123,POINT (108.25 -2.6666666666666714)
⚠ Zona Bahaya: Perairan Dangkal,-2.6666666666666714,108.33333333333331,2.0,4.999018035183951,0.3499999921768904,POINT (108.33333333333331 -2.6666666666666714)
⚠ Zona Bahaya: Perairan Dangkal,-2.6666666666666714,108.41666666666663,2.0,4.999018035183951,0.3999999910593033,POINT (108.41666666666663 -2.6666666666666714)
⚠ Zona Bahaya: Perairan Dangkal,-2.6666666666666714,108.5,2.0,4.999018035183951,0.41999999061226845,POINT (108.5 -2.6666666666666714)
⚠ Zona Bahaya: Perairan Dangkal,-2.6666666666666714,108.58333333333331,2.0,4.999018035183951,0.4399999901652336,POINT (108.58333333333331 -2.6666666666666714)
⚠ Zona Bahaya: Perairan Dangkal,-2.6666666666666714,108.66666666666663,2.0,4.999018035183951,0.47999998927116394,POINT (108.66666666666663 -2.6666666666666714)
⚠ Zona Bahaya: Perairan Dangkal,-2.6666666666666714,108.75,2.0,5.790069871663292,0.5299999881535769,POINT (108.75 -2.6666666666666714)
⚠ Zona Bahaya: Perairan Dangkal,-2.6666666666666714,108.83333333333331,2.0,8.74552742739857,0.5999999865889549,POINT (108.83333333333331 -2.6666666666666714)
⚠ Zona Bahaya: Perairan Dangkal,-2.583333333333343,106.75,2.0,7.921515097732595,0.20999999530613422,POINT (106.75 -2.583333333333343)
⚠ Zona Bahaya: Perairan Dangkal,-2.583333333333343,106.83333333333331,2.0,7.394147206746368,0.24999999441206455,POINT (106.83333333333331 -2.583333333333343)
⚠ Zona Bahaya: Perairan Dangkal,-2.583333333333343,106.91666666666663,2.0,5.520892510639072,0.2699999939650297,POINT (106.91666666666663 -2.583333333333343)
⚠ Zona Bahaya: Perairan Dangkal,-2.583333333333343,107.0,2.0,4.999018035183951,0.2799999937415123,POINT (107 -2.583333333333343)
⚠ Zona Bahaya: Perairan Dangkal,-2.583333333333343,108.16666666666663,2.0,5.301155889394806,0.24999999441206455,POINT (108.16666666666663 -2.583333333333343)
⚠ Zona Bahaya: Perairan Dangkal,-2.583333333333343,108.25,2.0,5.268195396208171,0.30999999307096004,POINT (108.25 -2.583333333333343)
⚠ Zona Bahaya: Perairan Dangkal,-2.583333333333343,108.33333333333331,2.0,5.130860007930494,0.35999999195337296,POINT (108.33333333333331 -2.583333333333343)
⚠ Zona Bahaya: Perairan Dangkal,-2.583333333333343,108.41666666666663,2.0,4.999018035183951,0.3899999912828207,POINT (108.41666666666663 -2.583333333333343)
⚠ Zona Bahaya: Perairan Dangkal,-2.583333333333343,108.5,2.0,4.999018035183951,0.40999999083578587,POINT (108.5 -2.583333333333343)
⚠ Zona Bahaya: Perairan Dangkal,-2.583333333333343,108.58333333333331,2.0,4.999018035183951,0.4399999901652336,POINT (108.58333333333331 -2.583333333333343)
⚠ Zona Bahaya: Perairan Dangkal,-2.583333333333343,108.66666666666663,2.0,4.999018035183951,0.46999998949468136,POINT (108.66666666666663 -2.583333333333343)
⚠ Zona Bahaya: Perairan Dangkal,-2.583333333333343,108.75,2.0,4.999018035183951,0.5099999886006117,POINT (108.75 -2.583333333333343)
⚠ Zona Bahaya: Perairan Dangkal,-2.583333333333343,108.83333333333331,2.0,7.372173544621944,0.5699999872595072,POINT (108.83333333333331 -2.583333333333343)
⚠ Zona Bahaya: Perairan Dangkal,-2.5,106.75,2.0,5.4989188485146485,0.18999999575316906,POINT (106.75 -2.5)
⚠ Zona Bahaya: Perairan Dangkal,-2.5,106.83333333333331,2.0,5.394543953423607,0.2299999948590994,POINT (106.83333333333331 -2.5)
⚠ Zona Bahaya: Perairan Dangkal,-2.5,106.91666666666663,2.0,4.999018035183951,0.2699999939650297,POINT (106.91666666666663 -2.5)
⚠ Zona Bahaya: Perairan Dangkal,-2.5,107.0,2.0,4.999018035183951,0.29999999329447746,POINT (107 -2.5)
⚠ Zona Bahaya: Perairan Dangkal,-2.5,107.08333333333331,2.0,8.03687682388582,0.3199999928474426,POINT (107.08333333333331 -2.5)
⚠ Zona Bahaya: Perairan Dangkal,-2.5,108.16666666666663,2.0,6.80085832938687,0.3199999928474426,POINT (108.16666666666663 -2.5)
⚠ Zona Bahaya: Perairan Dangkal,-2.5,108.25,2.0,6.5976019547359215,0.35999999195337296,POINT (108.25 -2.5)
⚠ Zona Bahaya: Perairan Dangkal,-2.5,108.33333333333331,2.0,5.8010567027255036,0.3799999915063381,POINT (108.33333333333331 -2.5)
⚠ Zona Bahaya: Perairan Dangkal,-2.5,108.41666666666663,2.0,4.999018035183951,0.3999999910593033,POINT (108.41666666666663 -2.5)
⚠ Zona Bahaya: Perairan Dangkal,-2.5,108.5,2.0,4.999018035183951,0.40999999083578587,POINT (108.5 -2.5)
⚠ Zona Bahaya: Perairan Dangkal,-2.5,108.58333333333331,2.0,4.999018035183951,0.4399999901652336,POINT (108.58333333333331 -2.5)
⚠ Zona Bahaya: Perairan Dangkal,-2.5,108.66666666666663,2.0,4.999018035183951,0.4599999897181988,POINT (108.66666666666663 -2.5)
⚠ Zona Bahaya: Perairan Dangkal,-2.5,108.75,2.0,4.999018035183951,0.4999999888241291,POINT (108.75 -2.5)
⚠ Zona Bahaya: Perairan Dangkal,-2.5,108.83333333333331,2.0,7.361186713559732,0.549999987706542,POINT (108.83333333333331 -2.5)
⚠ Zona Bahaya: Perairan Dangkal,-2.4166666666666714,106.66666666666663,2.0,5.042965359432799,0.20999999530613422,POINT (106.66666666666663 -2.4166666666666714)
⚠ Zona Bahaya: Perairan Dangkal,-2.4166666666666714,106.75,2.0,5.08141926815054,0.23999999463558197,POINT (106.75 -2.4166666666666714)
⚠ Zona Bahaya: Perairan Dangkal,-2.4166666666666714,106.83333333333331,2.0,5.515399095107966,0.2699999939650297,POINT (106.83333333333331 -2.4166666666666714)
⚠ Zona Bahaya: Perairan Dangkal,-2.4166666666666714,106.91666666666663,2.0,7.19089083209542,0.29999999329447746,POINT (106.91666666666663 -2.4166666666666714)
⚠ Zona Bahaya: Perairan Dangkal,-2.4166666666666714,108.41666666666663,2.0,7.927008513263701,0.41999999061226845,POINT (108.41666666666663 -2.4166666666666714)
⚠ Zona Bahaya: Perairan Dangkal,-2.4166666666666714,108.5,2.0,4.999018035183951,0.41999999061226845,POINT (108.5 -2.4166666666666714)
⚠ Zona Bahaya: Perairan Dangkal,-2.4166666666666714,108.58333333333331,2.0,5.2791822272703826,0.4599999897181988,POINT (108.58333333333331 -2.4166666666666714)
⚠ Zona Bahaya: Perairan Dangkal,-2.4166666666666714,108.66666666666663,2.0,6.322931178180596,0.4999999888241291,POINT (108.66666666666663 -2.4166666666666714)
⚠ Zona Bahaya: Perairan Dangkal,-2.4166666666666714,108.75,2.0,8.240133198536768,0.549999987706542,POINT (108.75 -2.4166666666666714)
⚠ Zona Bahaya: Perairan Dangkal,-2.333333333333343,106.41666666666663,2.0,5.328622967050336,0.18999999575316906,POINT (106.41666666666663 -2.333333333333343)
⚠ Zona Bahaya: Perairan Dangkal,-2.333333333333343,106.5,2.0,4.999018035183951,0.2199999950826168,POINT (106.5 -2.333333333333343)
⚠ Zona Bahaya: Perairan Dangkal,-2.333333333333343,106.58333333333331,2.0,4.999018035183951,0.2299999948590994,POINT (106.58333333333331 -2.333333333333343)
⚠ Zona Bahaya: Perairan Dangkal,-2.333333333333343,106.66666666666663,2.0,4.999018035183951,0.24999999441206455,POINT (106.66666666666663 -2.333333333333343)
⚠ Zona Bahaya: Perairan Dangkal,-2.333333333333343,106.75,2.0,5.1363534234616,0.2699999939650297,POINT (106.75 -2.333333333333343)
⚠ Zona Bahaya: Perairan Dangkal,-2.333333333333343,106.83333333333331,2.0,6.663522941109221,0.2899999935179949,POINT (106.83333333333331 -2.333333333333343)
⚠ Zona Bahaya: Perairan Dangkal,-2.25,106.33333333333331,2.0,5.630760821261191,0.20999999530613422,POINT (106.33333333333331 -2.25)
⚠ Zona Bahaya: Perairan Dangkal,-2.25,106.41666666666663,2.0,5.246221734083747,0.23999999463558197,POINT (106.41666666666663 -2.25)
⚠ Zona Bahaya: Perairan Dangkal,-2.25,106.5,2.0,4.999018035183951,0.24999999441206455,POINT (106.5 -2.25)
⚠ Zona Bahaya: Perairan Dangkal,-2.25,106.58333333333331,2.0,5.169313916648235,0.25999999418854713,POINT (106.58333333333331 -2.25)
⚠ Zona Bahaya: Perairan Dangkal,-2.25,106.66666666666663,2.0,5.669214729978933,0.2799999937415123,POINT (106.66666666666663 -2.25)
⚠ Zona Bahaya: Perairan Dangkal,-2.25,106.75,2.0,6.608588785798133,0.2899999935179949,POINT (106.75 -2.25)
⚠ Zona Bahaya: Perairan Dangkal,-2.25,106.83333333333331,2.0,8.992731126298338,0.30999999307096004,POINT (106.83333333333331 -2.25)
⚠ Zona Bahaya: Perairan Dangkal,-2.1666666666666714,105.75,2.0,9.355296551351387,0.029999999329447746,POINT (105.75 -2.1666666666666714)
⚠ Zona Bahaya: Perairan Dangkal,-2.1666666666666714,106.33333333333331,2.0,5.042965359432799,0.23999999463558197,POINT (106.33333333333331 -2.1666666666666714)
⚠ Zona Bahaya: Perairan Dangkal,-2.1666666666666714,106.41666666666663,2.0,5.213261240897111,0.2699999939650297,POINT (106.41666666666663 -2.1666666666666714)
⚠ Zona Bahaya: Perairan Dangkal,-2.1666666666666714,106.5,2.0,5.608787159136767,0.2799999937415123,POINT (106.5 -2.1666666666666714)
⚠ Zona Bahaya: Perairan Dangkal,-2.1666666666666714,106.58333333333331,2.0,6.38335874902279,0.2899999935179949,POINT (106.58333333333331 -2.1666666666666714)
⚠ Zona Bahaya: Perairan Dangkal,-2.1666666666666714,106.66666666666663,2.0,7.701778476488329,0.30999999307096004,POINT (106.66666666666663 -2.1666666666666714)
⚠ Zona Bahaya: Perairan Dangkal,-2.1666666666666714,106.75,2.0,9.651940990031136,0.3199999928474426,POINT (106.75 -2.1666666666666714)
⚠ Zona Bahaya: Perairan Dangkal,-2.083333333333343,106.25,2.0,5.147340254523812,0.2299999948590994,POINT (106.25 -2.083333333333343)
⚠ Zona Bahaya: Perairan Dangkal,-2.083333333333343,106.33333333333331,2.0,5.202274409834899,0.2699999939650297,POINT (106.33333333333331 -2.083333333333343)
⚠ Zona Bahaya: Perairan Dangkal,-2.083333333333343,106.41666666666663,2.0,5.8944447667543045,0.29999999329447746,POINT (106.41666666666663 -2.083333333333343)
⚠ Zona Bahaya: Perairan Dangkal,-2.083333333333343,106.5,2.0,7.322732804841991,0.30999999307096004,POINT (106.5 -2.083333333333343)
⚠ Zona Bahaya: Perairan Dangkal,-2.083333333333343,106.58333333333331,2.0,9.09710602138938,0.3199999928474426,POINT (106.58333333333331 -2.083333333333343)
⚠ Zona Bahaya: Perairan Dangkal,-2.0,106.25,2.0,5.883457935692093,0.25999999418854713,POINT (106.25 -2)
⚠ Zona Bahaya: Perairan Dangkal,-2.0,106.33333333333331,2.0,5.542866172763496,0.2899999935179949,POINT (106.33333333333331 -2)
⚠ Zona Bahaya: Perairan Dangkal,-2.0,106.41666666666663,2.0,7.16342375443989,0.3199999928474426,POINT (106.41666666666663 -2)
⚠ Zona Bahaya: Perairan Dangkal,-2.0,106.5,2.0,9.82223687149542,0.3399999924004078,POINT (106.5 -2)
⚠ Zona Bahaya: Perairan Dangkal,-1.9166666666666714,106.25,2.0,9.805756624902102,0.3199999928474426,POINT (106.25 -1.9166666666666714)
⚠ Zona Bahaya: Perairan Dangkal,-1.9166666666666714,106.33333333333331,2.0,9.421217537724658,0.3399999924004078,POINT (106.33333333333331 -1.9166666666666714)
⚠ Zona Bahaya: Perairan Dangkal,-1.8333333333333428,106.25,2.0,7.679804814363905,0.3199999928474426,POINT (106.25 -1.8333333333333428)
⚠ Zona Bahaya: Perairan Dangkal,-1.8333333333333428,106.33333333333331,2.0,9.613487081313394,0.35999999195337296,POINT (106.33333333333331 -1.8333333333333428)
⚠ Zona Bahaya: Perairan Dangkal,-1.8333333333333428,109.91666666666663,2.0,7.130463261253254,0.3999999910593033,POINT (109.91666666666663 -1.8333333333333428)
⚠ Zona Bahaya: Perairan Dangkal,-1.8333333333333428,110.0,2.0,6.311944347118384,0.30999999307096004,POINT (110 -1.8333333333333428)
⚠ Zona Bahaya: Perairan Dangkal,-1.75,106.25,2.0,6.828325407042399,0.3299999926239252,POINT (106.25 -1.75)
⚠ Zona Bahaya: Perairan Dangkal,-1.75,109.83333333333331,2.0,9.987039337428627,0.46999998949468136,POINT (109.83333333333331 -1.75)
⚠ Zona Bahaya: Perairan Dangkal,-1.75,109.91666666666663,2.0,6.751417589606916,0.3499999921768904,POINT (109.91666666666663 -1.75)
⚠ Zona Bahaya: Perairan Dangkal,-1.75,110.0,2.0,6.498720475176015,0.2699999939650297,POINT (110 -1.75)
